Kinderkrippe Sonnhalde,47.3517302,7.9125828
Kinderkrippe Hagmatt,47.354224,7.9032798
Kinderkrippe Merlin,47.194068,8.8186412
Kinderkrippe Merlin,47.1896735,8.8563237
Kinderhaus Stern im Ried,47.1516171,7.2576595
Kita Zauberloki,47.2534203,8.6933888
Kita Purzelbaum,47.2496016,8.7003935
Kinderhort Iberg,47.4177064,8.275344
Tagesfamilien-Koordination Nidwalden,46.9663547,8.3536978
Tageskrippe Hergiswil,46.9877109,8.3101737
Chinderhuus Ebnit,46.4809284,7.2840163
Chinderhuus Mühlebach,47.2943953,8.567416
Chindeparadies,47.2951134,8.5636526
Chinderhuus Öpfelbaum,47.2840794,8.5484557
Kita Inselparadies,47.2933529,8.5624652
Kita Trauminsel,47.2932188,8.5642209
Kinderhaus Malters,47.0377701,8.1838293
Schulkreis Bethlehem,46.9473577,7.3917009
Kita Aaregg,46.9734862,7.4532346
Kita Weissenstein,46.9400808,7.4255517
Kita Ausserholligen,46.9446744,7.410078
Kita Matte,46.9462249,7.4497709
Kita Altenberg,46.9503977,7.4576402
Kita Spitalacker,46.9562357,7.4565649
Kita & Tagi Breitenrain,46.9594114,7.4540565
Kita Steckgut,46.9593525,7.4452651
Kita Wyler,46.9637563,7.4516137
Kita & Tagi Holenacker,46.9522511,7.378622
Kita Tscharnergut,46.9479501,7.3885474
Tagi Brünnengut,46.9474241,7.3797998
Kita & Tagi Bümpliz,46.9433184,7.3904168
Kita & Tagi Wyleregg,46.9594659,7.4490508
Tagi Tscharnergut,46.9483014,7.3897161
Tagesschule Statthalter,46.9388394,7.391813
Kita & Tagi Lorraine,46.9590223,7.4444992
Kita Brünnen,46.9462252,7.377619
Kinderkrippe maxon motor ag,46.8597725,8.2210174
Villa Kunterbunt,47.4140058,8.5698612
Kita Zauberburg,47.406588,8.5832451
Kita Schatzinsel,47.4062878,8.5817679
Kita Greifensee,47.3716204,8.6790681
Kita Zwergenschiff,47.4009874,8.5915331
Kita Sunnige Hof,47.3992031,8.5921432
Kinderkrippe Bienehuus Urdorf,47.3867947,8.4267561
Kinderkrippe Bienehuus Küsnacht,47.3189156,8.5818407
Kinderkrippe Bienehuus Zollikon,47.3410682,8.576058
Kinderkrippe Bienehuus Emmen-Rathausen,47.0809757,8.3142794
Kinderhaus Arbon,47.5115907,9.4235626
Kindertagesheim Verenahof,47.5549855,7.583182
familea kita Novartis Oetlingerstrasse,47.5671761,7.5870554
familea Kita Missionsstrasse,47.5594617,7.5779857
familea Kita Lehenmattstrasse,47.552909,7.6150074
familea Kita Margarethenpark,47.5427126,7.5802399
familea Kita Elsässerstrasse ,47.570064,7.5789968
familea Kita Jungstrasse,47.5678864,7.5799744
familea Kita Annator ,47.5640298,7.592787
familea Kita Kleinhüningerstrasse,47.5785927,7.5911942
familea Kita Wiesenschanzweg,47.5715099,7.5948286
familea Kita Theodor ,47.5613906,7.5958222
familea Kita Hirzbrunnen/Eglisee,47.5673182,7.6142179
familea Kita Riehenring ,47.5710931,7.5971265
familea Kita In den Neumatten,47.5730528,7.6333214
familea Kita Birsfelden,47.553404,7.6263752
familea Kita Roche Solitude ,47.5586175,7.6107082
familea Kinderkrippe der Universität Basel,47.55997,7.585909
familea Kita Mittlere Strasse ,47.5596118,7.5802714
familea Kita Zottelbär Rheinfelden,47.552602,7.7956929
familea Kita Novartis Horburgpark,47.5724483,7.5925322
familea Kita Ryffstrasse ,47.5685083,7.5788332
familea Kita Appenzellerstrasse ,47.560806,7.5664162
familea Kita Gundeli,47.5398089,7.5933812
familea Kita Lützelstrasse ,47.5636551,7.5681238
familea Kita Rebgasse ,47.5597995,7.5952196
familea Kita Novartis Kraftstrasse  ,47.5729348,7.5775424
familea Kita Schlupflöchli,47.483093,7.5458384
familea Kita Garbenstrasse,47.5767626,7.6463469
familea Kita Wasgenring,47.5601518,7.5642223
familea Kita Flughafenstrasse,47.5684922,7.5695043
familea Kita Soleweg Möhlin,47.5665297,7.8383268
familea Kita Aescher Minis,47.4698624,7.5946893
familea Kita Reinach,47.5022555,7.5964313
familea Kita Novartis Lichtstrasse,47.5721841,7.5782463
Kita Generationenhaus Neubad,47.5455238,7.5680268
Tagesfamilienvermittlung Obwalden,46.8893397,8.245893
Chinderhuus Simsala Windisch,47.4799129,8.2175075
Chinderhuus Simsala Brugg,47.4846925,8.2062377
Kindertagesstätte Wässerwiesen,47.5086606,8.6873516
Kita am Waldrand SZB,47.1467297,7.2447292
Kita Süd,47.4631588,9.0492299
Kita Nord,47.4760016,9.0546951
Tageselternvermittlung Lyss und Umgebung,47.0733744,7.2988851
Kinderkrippe Suntenwiese,47.3070531,8.555956
Chinderhuus Kaya,47.4156906,8.5141484
Chinderhuus Sitara,47.4218016,8.5062841
Villa Kunterbunt,47.3737119,8.4953163
Kinderhaus Quelle Montessori-Tageskindergarten,47.4026936,8.4983024
Kinderkrippe Erlenbach,47.3019628,8.5968833
KiBe Wädenswil,47.2259441,8.6728696
Kinderkrippe Chnopftrucke,47.195058,8.4851316
Chinderhuus Flügepilz,47.3005549,8.7645825
Kinderkrippe Sternschnuppe,47.2551586,8.8480596
Kindertagesstätte Villa Rägeboge,47.4813578,8.2154416
Kindertagesstätte Ratatui,46.8738469,7.5601866
Villa Ninck - Hort,47.4991505,8.7177704
Kinderkrippe Bal4Kids,47.5198057,7.6883562
Krippe Rötel,47.3924605,8.5346056
Krippe Heizenholz,47.413816,8.4839603
Krippe Fennergut,47.3284148,8.5764343
Kids & Co Wannerstrasse,47.357448,8.5187421
Kids & Co Hohlstrasse,47.3827571,8.5113485
Kids & Co Tiergarten,47.3663682,8.5132695
Kids & Co Kreis 7,47.3735803,8.5524114
Kids & Co Kreuzwiesen,47.4067866,8.5740539
Kids & Co Prime Tower,47.3860127,8.5174459
Kids & Co Campus PH Zürich,47.3767445,8.5345274
Kids & Co Letzibach,47.3890168,8.4950397
Kids & Co  Schönleinstrasse,47.3738429,8.5522315
Kinderhort Flügepilz,47.3466583,8.3423038
Krippe zu St. Peter,47.5623948,7.5769968
Kinderkrippe Tatzelwurm,47.2673194,8.6825349
Kinderkrippe Kilchberg,47.3212074,8.5357877
Kindertagesstätte libelle,46.954294,7.4366093
Kindertagesstätte crescendo,46.9447696,7.4115948
Kindertagesstätte rosenweg,46.9360337,7.4339505
Kindertagesstätte weissenbühl,46.9358995,7.4377002
Kindertagesstätte publica,46.9402436,7.4369515
Kindertagesstätte burgunder,46.9386703,7.3963572
Kindertagesstätte murtenstrasse,46.9492192,7.4101163
Kinderkrippe Goldräge,47.4100933,8.5333916
Kids & Co Viktoriastrasse,46.9533933,7.4561042
Kids & Co Wankdorf,46.9671462,7.4604709
Kids & Co Wabern,46.9255717,7.4526031
Kids & Co Gümligen,46.9337675,7.5029002
Kids & Co La Source,46.483872,6.8633144
Kids & Co Bözingen,47.1511393,7.2805666
Kinderkrippe der Heilsarmee,47.3614642,8.5579568
Crèche La Bergerie,46.8947897,6.774323
Fiorino St. Gallen West 1,47.4123608,9.3370386
Fiorino Abtwil,47.4205287,9.3150734
Fiorino Engelburg,47.4417455,9.3454921
Fiorino St. Gallen Centrum,47.4283856,9.385672
Fiorino St. Gallen Ost,47.4406684,9.3956145
Fiorino Waldkirch,47.4697824,9.286746
Fiorino Horn-Steinach-Tübach,47.5020877,9.4424986
Fiorino Horn-Steinach-Tübach,47.4843004,9.4554573
Fiorino St. Gallen West 2,47.4102038,9.3330652
pop e poppa bäretatze,47.4234542,8.5621094
pop e poppa leuehöhli,47.5010132,8.7193284
pop e poppa takatukaland,47.3199338,8.5239752
pop e poppa frechdachs,47.3877942,8.5221747
pop e poppa limminäscht,47.3914605,8.4302071
pop e poppa chinderburg,47.3824624,8.4836367
Kita Zauberstei,47.5505024,7.9546599
pop e poppa holderkids,47.4317319,8.1675949
pop e poppa gwunderfitz,47.2380492,8.7455845
pop e poppa fischermätteli,46.9403134,7.4175402
pop e poppa pfäffikon,47.2016609,8.7801358
pop e poppa aigle,46.3194994,6.9565807
pop e poppa la marelle,46.2136396,6.1823791
pop e poppa les 4 saisons,46.2549387,6.1537975
pop e poppa les lionceaux,46.3862503,6.2393131
pop e poppa romande énergie,46.5174753,6.5097771
pop e poppa dachspatzen,47.3902399,8.5112457
pop e poppa düdingen,46.8502474,7.1880902
pop e poppa j. j. rigaud,46.2067789,6.1995937
pop e poppa münchenbuchsee,47.0009227,7.4613387
pop e poppa les gardénias,46.9389036,7.4843097
pop e poppa fribourg,46.8014491,7.1362531
pop e poppa vaulruz,46.6186278,6.9813659
pop e poppa menthe à l'eau,46.1947105,6.1525523
pop e poppa le nouveau prieuré,46.2037476,6.1826321
pop e poppa l'île aux mômes,46.2383601,6.199679
pop e poppa le sabotier,46.165788,6.1837278
pop e poppa terre-bonne,46.3851683,6.2139686
pop e poppa freienwil,47.5026878,8.3262395
Reformierte Krippe,46.8030981,7.1584835
Tagesheim Münchenstein,47.5174828,7.6144816
GFZ Kita 1,47.3691255,8.5517093
GFZ Kita 4 ,47.3762438,8.5204351
GFZ Kita 5 ,47.3827932,8.5314932
GFZ Kita 8 ,47.3595655,8.5570962
GFZ Kita 10,47.3930192,8.523053
GFZ Kita 9,47.3858551,8.4814781
GFZ Kita 10a,47.4010275,8.5014621
GFZ Kita 11a,47.4225935,8.5501765
GFZ Kita 11 ,47.42968,8.5459594
GFZ Kita 7 ,47.3719588,8.5591703
GFZ Kita 3,47.3683006,8.5211467
GFZ Kita 6 USZ,47.3732108,8.5673137
GFZ Kita 12,47.4020529,8.5806701
GFZ Kita 2,47.3336985,8.5143432
Kindervilla Ali Baba,47.3719463,8.5632351
Kinderkrippe Tigeränte,47.2558,8.69788
Kinderkrippe Operinos,47.3621023,8.5486898
Kinderhort Rapperswil-Jona Standort Rapperswil,47.2320976,8.8224366
Kinderhort Rapperswil-Jona Standort Jona,47.2320229,8.8338458
Chinderhuus Surbtal,47.5022699,8.3487971
Chinderhuus Turbenthal,47.4384018,8.8473829
Kinderkrippe Kindertreff,47.5078117,8.7555752
Kindertagesstätte Krokofant,46.9584851,7.4521118
Kita ABC-Kindertreff,47.0799884,8.3407321
ABB Kinderkrippe Müüsliburg,47.495664,8.2535049
ABB Kinderkrippe Villa-Tortuga,47.4809557,8.3043678
ABB Kinderkrippe Zauberdrache,47.4582335,8.2784301
ABB Kinderkrippe Purzelbaum,47.4370428,8.2126476
ABB Kinderkrippe Littlefoot,47.4469528,8.2946546
ABB Kinderkrippe WirnaKids,47.5292315,8.2602301
ABB Kinderkrippe Tschitta,47.471149,8.305431
ABB Kinderkrippe Zwärgehuus ,47.4141987,8.5490712
ABB Kinderkrippe Wichtelburg,47.4639229,8.3118652
ABB Kinderkrippe Chinderdschungel,47.4782273,8.303065
ABB Kinderkrippe Mupfelchischte,47.4142279,8.5384592
ABB Kinderkrippe Camäleon,47.4678194,8.2950373
ABB Kinderkrippe Kakadu,47.4676908,8.2946583
ABB Kinderkrippe Drachenäscht,47.3862431,8.1795773
ABB Hort Gipfelstürmer,47.4779034,8.299451
ABB Kinderkrippe Uhu,47.4997633,8.2626035
Kinderhaus,46.9415472,7.4273638
Kita Wirbelwind,46.941901,7.4004918
KITA Fantasia,46.9389539,7.3862839
Kinderkrippe Albisrieden,47.3735391,8.491592
Kita Aarehüpfer Nidau,47.1218682,7.2448856
Kinderkrippe Schatzinsel,47.4482409,8.5248145
Kinderkrippe Glarus,47.0397244,9.0612798
Chinderhuus Cham,47.1811789,8.4570909
Bläsikrippe ,47.5687348,7.5918172
Klingentalkrippe,47.5641527,7.5950862
Erlenmattkrippe,47.569316,7.6009485
Goldbachkrippe,47.5700247,7.6043477
Chinderhuus Zumikon,47.3316655,8.623475
Kita Himugüegeli,46.9424714,7.4657018
Kinderhaus Seevogtey,47.1343449,8.1910978
Kinderkrippe Wunderstei,47.7113906,8.6375812
Kindertagesstätte Villa ChriBu,47.0588732,7.625473
Kinderhort Klinik Schloss Mammern,47.6415508,8.9224553
Kinderkrippe Nokimuz,47.2759958,8.9133001
Kinderkrippe RasselChischte,47.3711577,8.5262892
Kinderkrippe Pinocchio,47.2287188,8.6640725
Kinderhaus Villa Kunterbunt Frick,47.5047077,8.0223213
Kinderhaus Villa Kunterbunt Gipf Oberfrick,47.4933844,7.9966912
Kita Chinderland,47.1920631,7.5632978
Natur-Tagesstätte,47.1512306,7.5186155
Kindertagesstätte Gossau,47.4162601,9.2527987
Chinderhuus Sternen,47.2685341,8.6392416
Chinderhuus Sunnestrahl,47.2780537,8.6160168
Villa Wunderchischte,47.3707462,8.6430004
Kinderkrippe Chur Cosmait,46.8506122,9.5275832
WaKiTa,47.3600508,8.5728203
Kinderkrippe Sonnenberg,47.4776577,8.3130325
Tagesstrukturen Vaduz,47.1417359,9.5165285
Tagesstrukturen Triesen,47.1062398,9.5254043
Kindertagesstätte Schaan,47.1693776,9.507916
Kindertagesstätte Balzers,47.0667495,9.4998724
Kindertagesstätte Eschen,47.2115693,9.526929
Kindertagesstätte Liechtensteinische Landesverwaltung,47.1541704,9.5125794
Kindertagesstätte Triesenberg,47.1142147,9.5410576
Kindertagesstätte Ruggell,47.2364543,9.5275848
Kindertagesstätte der Firma Hilti AG,47.18122,9.523
Villa Wirbelwind,47.1392109,9.5213097
Kinderkrippe Regensdorf,47.4384346,8.4639209
Kindertagesstätte Muri bei Bern,46.9413164,7.4993498
Kindertagesstätte Muri bei Bern,46.9279955,7.4992129
Kinderhort Zwinggarten 1,47.4032301,8.6184024
Kinderkrippe Coccolino,47.3329283,8.4886516
Coccolino Wettswil,47.3326557,8.4747487
Coccolino Aeugst am Albis,47.2677635,8.4875537
Kinderkrippe Chäferhus,47.4657085,9.0366248
KITA Richterswil/Samstagern,47.1928075,8.679884
Kindertagesstätte am Friesenberg,47.3611096,8.5051278
Vivendra,47.4796873,8.4503336
Kita Müüsliburg Stäfa,47.2393579,8.7253804
Gerbi KiZ,47.2361286,8.7579662
Kinderkrippe Zypresse,47.3754979,8.5151539
Kita Ennethüsli,47.4750404,8.3118353
Kinderhaus St. Josef,46.8565599,9.5306689
Kindertagesstätte Effretikon,47.4265788,8.6846782
Kindertagesstätte Illnau,47.4088102,8.7243727
Städtische Kita Avenir,47.1332357,7.2490753
Städtische Kita Mett,47.1439203,7.2775268
Städtische Krippe Beundenweg,47.1317126,7.2641592
Städtische Krippe Soleil,47.1503286,7.2663025
Städtische Kinderkrippe Bubenberg,47.1414908,7.2531853
Städtische Kindertagesstätte Rochette,47.1543853,7.267922
Kinderkrippe Chüralla,46.5284359,9.8695716
Kinderkrippe Muntanella,46.4876627,9.8340622
Kinderkrippe Randulina,46.6019148,9.9618837
Kinderkrippe Libella,46.5329335,9.8695809
Kindertagesstätte Moskito,47.0118984,7.4861065
Kinderkrippe Kantonsspital Bruderholz,47.5284281,7.5811836
KITA Känguru Telli,47.3982966,8.0585656
KITA Känguru Freihof,47.3949607,8.0482081
Kita Butzus,46.9764881,7.4981273
Kinderhaus Chrüsimüsi,47.4731136,8.6743588
Chinderhus Maihof,47.064271,8.3071742
d'Insle Montessori-Schule AG, Kinderhaus,47.3632792,8.5563003
Kinderhaus Werd,47.3161732,8.5270819
Chinderhuus Babar,47.4162548,8.5587505
Kinderhort Murmel,47.392957,8.5448023
Chinderhuus Sternacker,47.425937,9.3838739
Kinderkrippe Frohheim,47.0384128,8.3018739
Sunneblueme,47.3807496,8.513852
Kinderhaus Floh,47.5468798,9.2997533
Kita Luftibus,47.5047521,8.777642
Kita Murifeld Mindstrasse,46.9407885,7.4691814
Waldkita Murifeld,46.935095,7.4640392
Kita Murifeld Weltpost,46.9389877,7.4751166
Kita Lindenhof,46.9558851,7.4240237
Kinderkrippe Werdwies,47.395818,8.487833
Kinderkrippe Bändli,47.3974638,8.4828976
Tagesfamilienvermittlung der Gemeinde Muttenz,47.5296471,7.6498285
Tagesheim Unterwart,47.5302538,7.6264458
Kita Chlostergarte,47.4560751,8.3148397
Chinderhuus Muur,47.3523629,8.6391027
KITAWAplus,47.0740646,9.4787381
KITASAplus,47.049552,9.433969
KITAME,47.0480637,9.4220903
KITAVIWA,47.0294871,9.4465153
Schülerhort/Mittagstisch Widnau,47.4032427,9.6394998
Kinderbeteuung SDM,47.4285843,9.6388109
Kinderbetreuung SDM,47.4082702,9.6173083
Kinderbetreuung SDM,47.3813053,9.6620944
Kinderbetreuung SDM,47.4249592,9.6049454
Chinderhus Schatzchischta,47.1705848,9.4685788
Kindertagesstätte Spielvilla,47.3914528,8.0396249
Wohler Chinderhuus,47.3494251,8.2697295
Kinderkrippe 1 Schöneggstrasse,47.4017113,8.4029738
Kinderkrippe 2 Vorstadtstrasse,47.4072143,8.401033
Kinderkrippe 3 St. Josefsheim,47.3971402,8.4149593
Kinderkrippe 4 Schachenmatt,47.40831,8.4055445
tempelacker,47.4291765,9.3899285
Casa Tutti Frutti,46.9513704,7.4318279
Casa Papaya,46.9524403,7.4261002
Casa Musa,46.9514784,7.433483
Kinderkrippe «Rägeboge»,47.5859573,7.6544917
Tagesheim Kakadu,47.4950226,7.5909956
Chinderhus YoYo,47.496649,8.2754098
Kita KSA Zwärglihuus,47.3882726,8.0576544
Kita Rösslispiel,47.0447577,8.3145305
Kita X,47.2886471,8.6125088
Kindertagesstätte Pusteblume,47.5513002,8.8840863
Kinderhaus Talstrasse,47.3260142,8.7936887
Kinderhaus Tösstalstrasse,47.3293068,8.8232253
Kita GZO,47.3199002,8.8041034
Kinderkrippe Schmiedhof GmbH,47.3709959,8.5195728
Kinderkrippe Spatzennest,47.3521827,8.5752869
Kinderkrippe Felsenburg,47.6417942,9.1745966
Gemeinde Unterägeri Kinderkrippe Wichtelhuus,47.1370918,8.5816011
Kinder- und Jugendheim Bild,47.3794566,9.5437499
Tagesheim Kinderhaus Gellert,47.5503586,7.6125148
Kinderhaus St. Jakob,47.5486345,7.5980163
Kinderkrippe Zollikerberg,47.3478725,8.6016261
Kita Thun,46.7551585,7.6247918
Kindertagesstätte Schnäggehuus,47.4917358,8.7501604
Kindertagesstätte Fantasia,47.4956497,8.7365066
Kindertagesstätte Zauberschiff,47.503465,8.7139715
Kindertagesstätte Strickhof,47.5149014,8.6980211
Kita Äntenäscht,47.5038725,8.7657522
kihz Hönggerberg,47.4074824,8.5112129
kihz Schönberg,47.3736288,8.5495614
kihz Bülachhof,47.4015636,8.5468491
kihz Platten,47.3726003,8.5551584
kihz Tierspital,47.3996347,8.5528766
kihz Feyerabend,47.4070331,8.5034126
kihz Sumatra,47.3816613,8.5432232
Kids & Co Petersgraben,47.5601275,7.5850693
Kids & Co Wettsteinplatz,47.5584389,7.5971288
Kids & Co St. Johann,47.5674619,7.5814483
Kids & Co Reinach,47.4880809,7.5897816
Kids & Co Roche Kindertagesstätte Pierrot,47.5583921,7.6048747
Kids & Co Oberwil,47.5131753,7.557501
Kids & Co Gellert,47.5440767,7.6092666
Tageselterndienst Einsiedeln,47.125309,8.7405913
Kinderkrippe Chäferfäscht,47.3885096,9.3851796
KiTa Bärenhöhle Gerlikon,47.5379151,8.8760613
KiTa Bärenhöhle Mühletobel,47.5595912,8.9036342
KiTa Bärenhöhle Stadtgarten,47.552113,8.8995405
KITA Sputnik Stadelhofen,47.3668619,8.5495039
Kita Stärnschnuppe,46.9765552,7.4364293
Kinderhaus Ahoi,47.4263144,8.6858385
Kinderhaus Strickhof,47.4463612,8.6794196
Kinderkrippe Chnopf,47.3154591,8.5234476
KITA Doppelchnopf,47.3057224,8.5286322
Chinderhuus Kribbel Krabbel GmbH,47.389867,8.4764668
Chinderhuus Kribbel Krabbel GmbH,47.3849885,8.5025329
Kindertagesstätte Kinder-Ländli,47.3439425,8.0518204
KiddiesCare Au,47.2447377,8.6498621
Kinderkrippe Minimuus,47.3835683,8.5250741
Kinderkrippe Sonnenschein,47.3805442,8.4977164
Tagesheim St. Leonhard,47.556332,7.5778447
Gundeldinger Krippe,47.5440336,7.5951335
Tagesheim Dornacherstrasse,47.5446344,7.5863866
Tagesheim Baslerstrasse,47.5558343,7.5560679
Tagesheim Bruckerhaus,47.552773,7.5405709
Tagesheim Langmatten,47.5569316,7.5529161
Kita Laufen,47.4202775,7.4962832
Kinderkrippe Schürmatt,47.3492643,7.8995779
Chinderhuus Spatzenäscht,47.4660606,8.3299528
stiftung papilio,46.8780663,8.6424744
Irchelkindergarten,47.4013599,8.5474543
Zentrum Inselhof,47.3665405,8.4955714
Kinderkrippe Kikri ETH-Zentrum,47.3815601,8.5448042
Kinderkrippe Wirbelschloss,47.3902168,8.5088405
Kinderhaus Pilgerbrunnen,47.3788273,8.5063828
Kinderkrippe Rosenberg,47.6857414,8.6171141
Chinderhuus Steckborn,47.6635277,8.980194
Chinderhuus Sunnehof,47.5632723,9.3705736
Tageselternvermittlung Ringelreija,46.3125396,7.9843736
Kindertagesstätte Ringelreija alter Spital,46.3167684,7.9859017
Kinderkrippe Heusser-Staub,47.3469217,8.7219274
Kinderkrippe Heslibach,47.3136883,8.584731
Kindertagesstätte Trip Trap,47.4172422,9.3649954
Kinderhort Spieltrückli,47.426509,9.3869935
Tageshort Rorschach/Rorschacherberg,47.4732592,9.4882472
Kindertagesstätte Länggasse,46.9552107,7.4293844
Kindertagesstätte Taka Tuka,46.9538529,7.4306846
Kindertagesstätte im Favorite,46.9507047,7.4319593
Kindertagesstätte Lindenweg,46.957211,7.4991048
Kindertagesstätte Sterntaler,46.9666534,7.4848847
Kindertagesstätte zobra,47.2963202,7.9472207
Kindertagesstätte Domino,47.284415,7.9463804
Kita Bärehuus,47.3055408,9.0903669
Kita Bärehuus Hofjüngerstrasse,47.3053233,9.0860749
Chinderhuus Küssnacht,47.09261,8.4497701
Kinderkrippe Mandelbaum,47.4704624,8.3034164
Karussell - Haus für Kinder,47.4121919,9.1934972
Kita St. Anna,47.0573917,8.3257016
Kinderkrippe Muulwurf,47.3520721,8.7166111
Kinderkrippe Schneggehüsli,47.2968704,8.6924664
Kita St. Georgen,47.4180537,9.3826147
Chinderhuus Aarau,47.3893282,8.0485808
Kindertagesstätte La Luna,47.5062952,8.7304723
Kinderkrippe Summervogel,47.5343894,8.7350887
Chinderhuus Bellpark,47.0344483,8.2821662
Kinderkrippe Fidibus,47.2778549,8.4066588
Tipi Kinderhaus,47.3577269,8.435722
KIJUZU Zentrum Kind und Jugend,47.2026959,7.5535296
Paul Scherrer Institut,47.5367533,8.2244903
Kita Dampfschiff,47.4865706,8.755089
Chrippe am Hügeli,47.3577254,8.586035
Kinderhort Hirzenkäfer,47.4126746,7.5499643
Kinderkrippe Mikado,47.4083981,8.5956863
Kinderkrippe Stärnschnuppe ,47.0279673,8.299693
KITA Rumpelkiste,47.3558389,8.5536425
Calma-Kinderbetreuung,46.8175505,7.3410135
Kindertagesstätte Läbihus,47.0238329,7.4552446
Kita Möwe,47.6311083,9.2348905
Spital Thurgau AG Frauenfeld,47.549692,8.9117848
Tagesfamilien Hombechtikon,47.2502285,8.7764011
Tandem IMS,47.2631911,8.6774569
Tandem IMS,47.3379399,8.5748317
Tandem IMS,47.3584622,8.5539886
Krippe Spielchischte,47.3765603,8.5540098
Kinderkrippe Storchennest,47.2713098,8.8225409
KITA Zottelbär,47.1242959,9.3171075
KiTa Berghalden,47.2556411,8.5999616
KiTa Stockerstrasse,47.2607131,8.5938482
Kindertagesstätte Lorenzen,47.2106129,7.5315421
Kita Knirps,47.0471353,8.3790165
Kindertagesstätte Luna,47.1715959,7.339411
Kita Hurrlibutz,47.5949165,8.6740701
Kinderkrippe Tamburin,47.2621221,8.4215563
Kita Firlifanz,46.9567586,7.4442946
Kita Balthasar,46.8457957,7.1881726
Kinderkrippe Wunderland,47.3880852,8.4825416
Kita Spiez,46.6918864,7.6726441
Kindertagesstätte Nestwärme,47.1148389,7.3046132
Kindertagesstätte Villa Zauberland,47.3571044,7.9048343
Kinderkrippe Bürgerspital Solothurn,47.1990859,7.537395
KiTa Äntenäscht Oberentfelden 1,47.3584203,8.0456727
Kita Äntenäscht Unterentfelden,47.3690499,8.0436566
Kita Äntenäscht Oberentfelden 2,47.357958,8.0446482
IG Kinderwerkstatt Kinderkrippe,47.3976897,8.6192203
Chinderhus Wanja,47.0691879,8.3195126
KiTa Böndli,47.5213604,8.5304646
Kinderkrippe Rägeboge,47.1811757,8.5773848
KiTA Engelberg,46.8191307,8.3990942
Krippen Kinderparadies,47.4168872,8.512854
Krippe Kinderparadies,47.3551508,8.5587509
Krippe Kinderparadies,47.4052817,8.5567973
Krippe Kinderparadies,47.3645354,8.511101
Kita Chalet Pfeid,47.1214039,7.275895
Kinderkrippe Gigelisuppe,47.3553245,8.5741229
Kinderkrippe Sonneschii,47.4324167,8.1991972
Kinderkrippe Sonneschii Hausen,47.464911,8.2108113
Kindertagesstätte Mikado,46.9384175,7.4355595
Montessori-Kinderhaus,47.5070903,8.7188376
Montessori Kindertagesstätte Viki,46.9606668,7.4537117
Kita Windrädli,47.5114508,8.6968772
Kinderkrippe Bärenmutz,47.2296613,7.8423479
Kindertagesstätte Murmel,47.3500071,8.5757861
Kindertagesstätte USZ, KiTa USZ SON16,47.3792328,8.5473647
Kindertagesstätte USZ, KiTa USZ HUT50,47.3802136,8.55108
Kindertagesstätte USZ, KiTa USZ CUL4,47.3795263,8.5471545
Kindertagesstätte USZ, KiTa USZ RAE 84,47.3749804,8.5499379
Kinderkrippe Lebensraum im Ringkengässchen,47.6943656,8.6331059
Kinderkrippe Forsthaus,47.7126262,8.6240959
Kinderhaus St. Josef,47.1938097,8.8557603
Chinderhus Grütli,47.4345667,9.4036774
Kita Farfallina,46.9401444,7.4326306
Kindertagesstätte Tuusigfüessler,47.4482889,9.0149817
Kinderkrippe Windrose und Schülertagesstätte Wildrose,47.2103623,7.7829211
Chinderhuus Weinfelden,47.5680689,9.1050878
La Tonkinelle,46.2549437,6.9549879
Raiffeisen Kinderkrippe Sumsihuus,47.4209228,9.373016
Chinderhus Rosengarten,47.219589,8.998317
Chinderhuus Wirbelwind,47.4536324,8.4375849
Chinderhort Appenzell,47.3322985,9.4130897
Kinderkrippe Schlössli,47.4242335,9.3687217
Kita am Wasser,47.3919446,8.5282766
Kindertagesstätte Delfin,47.2035965,7.4218794
Chinderhuus Hedingen,47.2933811,8.4495795
Kindertagesstätte Meljuk,47.3001208,8.8494983
Kindertagesstätte Villa Doldenhof,47.6522771,9.1743941
Kinderkrippe Esslinäscht,47.2881353,8.7103003
Kita Paradiesli,47.1395331,8.1312805
Chinderinsle Barabu,47.3274022,8.4687593
Kindertagesstätte kitaRo,47.2394849,7.8261903
Kindertagesstätte Menziken,47.2390817,8.1845813
Kinderkrippe Tripiti,46.8336718,9.4511011
Kinderkrippe Beluga,47.351441,8.7262347
Chinderhuus Goldiland,47.4899584,8.2904237
Chäferfäscht GmbH,47.5015264,8.7322298
Kinderkrippe Calimero,47.6581268,9.1300448
Chinderstube Ziegelfeld,47.3521429,7.8994836
Kinderkrippe Schatzkiste,47.3595302,8.7108325
Kita Mariakäfer 1 AG,47.4147202,8.5424847
Kita Mariakäfer 3 GmbH,47.4109197,8.5962844
Kita Mariakäfer 2 GmbH,47.4144319,8.5263778
Chäferstube und Wunderwelt,47.4198762,8.3616624
Kita Iisbär,47.1672045,7.427154
KiTa Pepe,47.1386552,7.3744714
Kita Dängelibänz,46.9543928,7.4324974
Kita Loryplatz,46.9444211,7.4228081
Kita Bachmätteli,46.9401523,7.3910764
Kita Bitzius,46.9515747,7.4670741
Kita Dählhölzli,46.940366,7.4489326
Kita Rappard,46.9368683,7.4177649
Kita Kirchenfeld,46.9405125,7.4544848
Kita Spittel,46.9485281,7.4393943
Kita Tiefenau,46.9747212,7.4531538
Kita Stöckacher,46.943068,7.4030868
Kita Tandem Stauffacher 1,47.3740937,8.5314777
Kita Tandem Binz 1,47.3653485,8.5136196
Kita Tandem Stauffacher 2,47.3725044,8.5246483
Kita Tandem Binz 2,47.3651707,8.5151296
Kita Tandem Binz 3,47.3659134,8.5143413
Kita Tandem Stampfenbach,47.3871948,8.5385645
Kita Freihofstrasse,47.2753665,8.5765252
Kinderkrippe Bingolino Oberwil,47.5107217,7.5557566
Tagesheim Wägwyser Holbeinstrasse,47.5526726,7.5843448
Kindertagesstätte Wägwyser Birmenstorf,47.459801,8.2504185
Tagesheim Wägwyser Holeestrasse,47.5453501,7.5706033
Kindertagesstätte Wägwyser Windisch,47.476889,8.2276703
Kindertagesstätte Neuenhof Wägwyser,47.4525542,8.3202699
Kindervilla Abraxas,47.3717149,8.5124267
Kinderkrippe Schnäggehüsli,47.0655423,8.3115261
Kinderkrippe Sennhof,47.352538,8.4407738
Kita Spielchischte Berg,47.5846691,9.1777538
Kita Sonneblueme,47.2947596,7.9421533
Feusi Preschool,46.9335129,7.5076536
Kita Riedtli,47.3877886,8.5453441
Kita Bethanien Fluntern,47.3797877,8.5560638
Kita Bethanien Kalkbreite,47.3777799,8.5113127
Kita Bethanien Altstetten,47.3836214,8.4927051
Kita Bethanien Oerlikon,47.4069138,8.5535986
Kinderkrippe Biene Maya,47.4129033,8.515772
Kinderkrippe Bambola,47.4095988,8.541875
Kinderkrippe Bambina,47.4245333,8.5235224
Kinderkrippe Beba,47.4144686,8.5452756
Kita Schatztrue,47.6618905,8.8609594
Kita Sunneberg,47.4846054,8.7602023
Kita Etzberg,47.4914147,8.7609953
Chinderhuus Wohlen,46.9669255,7.379489
Kita Zouberhuet,46.8911502,7.3135727
KiTa Avalon,47.3905241,8.6722578
Kita Chrabelschloss II,47.4028286,8.496331
KiTa Chrabelschloss I,47.4056405,8.4868472
Kita Lovely Kids,47.4008269,8.0072345
Kita Lovely Kids,47.4553294,8.3854517
Trägerverein Kinderhut,47.1874756,7.7025131
Kita Röseligarte,46.9658798,7.4422456
Kita Tubechnopf,47.1839842,9.4445108
Schülerhort Purzelbaum,47.1839246,9.4452106
Kinderkrippe Wirbelwind,47.0562685,8.5424151
Chindervilla Niederurnen,47.1219234,9.0591049
Kinderkrippe Teddybär,47.3955554,8.4445237
Kita Regenbogen,47.3870729,8.5231174
myKita,47.3611249,8.5208818
Strampolino Kriens,47.0283278,8.2983964
Strampolino Mellingen,47.4124158,8.2676591
Strampolino Kloten,47.4492748,8.5899712
Strampolino Emmen,47.0907483,8.3114492
Strampolino Bremgarten,47.3436797,8.3436164
Kindertagesstätte Zwärgehuus ,47.4565242,7.8085926
Triangel Kinderkrippe,47.4331072,9.3789651
Kinderkrippe Buntspecht,47.0931685,8.3672411
Kinderkrippe Löwenzahn,47.3695947,8.4559634
Kindertagesstätte Zaubercheschte,47.1186546,8.3482754
Kindertagesstätte Wydäcker,47.370115,8.4932324
Royal Kids Club,47.2031264,7.5454004
Kita Lelamela,47.24286,8.6436051
Kita Lüchtturm,46.7763332,7.5738129
Kita Grendolin Worb,46.9303002,7.5630757
Kita Grendolin Münsingen,46.873487,7.5623156
KidsPlus,47.3378313,9.5825033
Kinderkrippe Frida,47.3766714,8.5099548
Kinderkrippe Sunneschyn,47.2217726,7.5098297
KiBiZ Kinder Bildungs Zentrum,47.3817976,8.4885105
Kita Zauberschiff,47.3614798,8.1057937
KiTa Lummerland STANS,46.9680205,8.3508631
KiTa Lummerland BUOCHS,46.9761036,8.4189376
Kinderkrippe Wirbelwind ,47.5628884,8.6827056
Kinderkrippe Ameisenburg,47.336317,8.5303557
Spielhuus Krebsbach,47.6977913,8.6428024
Kita Sunneland,47.2735133,8.4410356
KITAHAUSVIVA,47.189101,7.5884664
Kinderkrippe "Villa Kunterbunt",47.5178482,9.2590427
Kita Child Care Corner Rapperswil,47.2280838,8.8245377
Kita Child Care Corner Jona,47.2311766,8.8486817
Kita Child Care Corner Winterthur,47.499727,8.7282305
Kindertagesstätte Centralpark,47.0442182,8.3133242
Kita Eichhörnli,47.0464456,8.2995027
Kita Seeburg,47.0517775,8.3385467
Chinderhus Fuchsloch,47.1421871,8.5110901
Chinderhus Frauensteinmatt,47.1622477,8.5144833
Chinderhus Zugerbergstrasse,47.1639839,8.5158662
PLAYground education,47.3778108,8.5256834
KiTa PLUS - Kita Seon GmbH,47.3526787,8.1581876
Verein Kita-Rohrdorf Villa Kunterbunt,47.4208283,8.3068127
Verein Kita-Rohrdorf Villa Langstrumpf,47.4251058,8.3161327
Kita Kidsplus Erlenbach,47.3031112,8.5918037
Kita Kidsplus Zollikerberg,47.3450669,8.5934653
small Foot Luzern Maihof,47.0642359,8.310774
small Foot Kriens,47.0337622,8.2763531
small Foot Aarau,47.3894424,8.0405161
small Foot Emmenbrücke,47.0737232,8.2771881
small Foot Ruswil,47.0829735,8.1245092
small Foot Sins 1,47.1871928,8.3967978
small Foot Sursee,47.1780484,8.1103281
small Foot Rothrist,47.2982263,7.8700761
small Foot Baar Spatzennest 1,47.1981368,8.5238791
small Foot Baar Spatzennest 2,47.1995092,8.5327182
small Foot LUKS,47.0573183,8.2902394
small Foot Dagmersellen,47.2133138,7.9870775
small Foot Emmen-Feldbreite,47.0938162,8.308272
small Foot Hochdorf,47.1695956,8.2906935
small Foot Schötz,47.1673441,7.9897012
small Foot Sins 2,47.1912041,8.3968696
small Foot Baar Spatzennest 1 plus,47.1978043,8.5238459
small Foot Malters,47.0407908,8.1830086
small Foot Luzern Würzenbach,47.0569097,8.3493606
small Foot Baden,47.4637813,8.2876157
small Foot Altbüron,47.1812832,7.877868
Kita Matahari,46.9416731,7.4527646
Kita Matahari,46.9364204,7.4316593
Kita Spielblock,47.485687,8.7292922
Kita Spielberg,47.4967495,8.7119921
Kinderkrippe Müslihuus,47.3078786,8.7182415
Kita Swisscolino,46.981125,7.458242
Kita Mutzli,46.9283269,7.5387665
Kita Aare,46.76494,7.611067
Kita Schwäbis,46.7654569,7.620049
Kita Bucher Areal,47.0597079,7.6265553
Kita Seftigen,46.7885679,7.5375268
Kita Selve Areal,46.7611964,7.6235952
Kita Alte Ziegelei,47.0767842,7.3069297
Kita Schüpfen,47.0404508,7.3784987
Chinderhus Hindelbank,47.047706,7.5434617
Chinderhus Alchenflüh und Umgebung,47.084867,7.5752842
Kita Schorenhof,46.7277084,7.6166129
Kita Jardin du Paradis,47.14651,7.2647807
Kindertagesstätte Vita,47.2827834,8.7616837
Kita Sunnämeijä,46.4579545,8.2187071
s'2. Dihei,47.3731429,8.6408962
Kita SalZH, Büelwiesenweg,47.4843082,8.7641613
Kita SalZH, Tellstrasse,47.50489,8.7217714
Kita SalZH, Espenstrasse,47.5073926,8.6803463
The Apple Tree,47.3070316,8.5892565
Kita Yeladim,46.9391102,7.438672
Mukita musische Kindertagesstätte,47.377135,8.5091918
Kita am Park,47.5036892,8.7652698
Kita Chinderwelt Niederteufen,47.3958715,9.3657196
Kita Chinderwelt Speicher,47.4074642,9.4524819
KITA Chinderwelt Gais,47.3575112,9.4477822
Kita TigerEnte,47.3226455,8.7986436
Tagesheim für Kinder Ziegelmatte,47.2142468,7.5315088
Kinderclub Jojo,47.5038482,8.801142
Hort PLUS Wollerau,47.1963798,8.7207028
ABC Learning Tree,47.1975655,8.7138556
Kita Nanuq,47.0138134,7.3729265
Kita Fägnäscht,46.8605241,9.5363746
Kita Kiddi 1,47.3688412,8.4926482
Kita Kiddi 2,47.3791429,8.4915968
Kita Kiddi 3,47.3709147,8.5088287
Kita Kiddi 4 nature,47.4019662,8.4952275
Kita Kiddi 5,47.3443532,8.4810274
Kita Kiddi 6,47.3685431,8.500841
mixmax Kita Schönegg,46.9334162,7.441653
Kinderhaus Rütschlibach,47.3325052,8.5157628
Kinderkrippe Zaubergarten,47.3968571,8.128504
Kindergarten Chäferberg,47.4031649,8.5682001
Kita Schatztruhe,47.1469422,8.4313348
Paradies Kindertagesstätte,47.0128376,8.6510142
Paradies Kita Andermatt,46.6352952,8.595565
Chinderhus Teddybär ,47.3692021,8.5132207
Chinderhuus Biberburg,47.5567535,8.7646372
KiTa z’Chörbli,46.9471311,9.5714758
Kinderhaus Imago Dübendorf,47.3949987,8.6007207
Kinderhaus Imago Baar,47.194999,8.5196193
Kinderkrippe Heckenrose,47.5056433,8.7105723
Chinderchrippe Schlitzohr,47.5490386,8.792781
KinderOase,47.4422656,8.3628874
Kindertagesheim Rotchäppli,47.5152318,7.6853636
Little Learners Daycare/Kita,47.3580311,8.5878552
KiTa Gwundertrucke,47.5012718,8.5965526
Villa Kunterbunt,46.853179,9.5215442
Kindertagesstätte Spatzennest,47.5629352,7.5763604
KiTa PekiLand,47.2600178,8.3728007
Chinderhuus Hochstrasse,47.7077909,8.637648
Chinderhuus Frühling,47.6956282,8.5735303
Chinderhuus Dorf,47.7235368,8.6639421
kita rössli,47.5604678,8.9047824
Kita Sternhuus,47.0543389,8.3445653
Sunshine Kinderkrippen,47.3693562,8.5650209
Kita Perlä,47.2718511,8.7245377
Schülerhort Gadretsch,47.1207282,9.4913522
Kita làpurzel,46.9394425,7.4506364
Kinderkrippe Nidelbad,47.3039614,8.5491601
Kindertagesstätte Zwergenland,47.4378889,9.4040653
Kita Kleiner Prinz – Petit Prince,47.5688733,7.5738362
Chinderchrippe Hoi Gömper,47.4721725,8.3056728
Ise Bähnli Vor-Chindergarte,47.4750274,8.305797
Kita Chnopftruckli,47.5776214,8.2588121
Children's World Cham,47.190916,8.4563762
Children's World Baden, Nido,47.478535,8.3084686
Children's World Zug,47.1747294,8.5141545
Kita Zauberlehrling,47.4175438,9.3808331
Kita Chinderland,46.9306992,7.4295329
Kita Mirabu,47.0230629,7.5015061
Kita Zibalu,47.0239712,7.5030981
Double Decker Bilingual PreSchool,47.3177269,8.5829526
KinderOase Gerlafingen,47.1703992,7.5752506
KiPa  Kindertagesstätte von Eawag und Empa,47.4048301,8.6096666
Elements4kids,47.4193392,8.3746776
Chinderhuus Trampi,47.5210568,7.6868245
Krippe Schiguna Ackersteinstrasse,47.3996789,8.5023626
Krippe Schiguna Tobeleggweg,47.3976869,8.5014459
Krippe Schiguna Kronenwiese,47.3879772,8.5365084
Kinderparadies «The 7 Bears»,47.3642124,8.5546782
Hort Ramba-Zamba,47.3466352,8.7075514
Villa Blau,47.3881329,8.0767246
Chinderhuus Müli,46.9973705,8.6158727
KiTs Bronschhofen,47.4745642,9.0337463
KiTs Jonschwil,47.4424914,9.0744884
KiTs Rickenbach,47.4479224,9.0496837
kiwula,47.500297,7.5565302
KiPlus Tagesfamilien,46.8923674,7.4931544
Kita Stella Luna,46.8813763,7.6212431
Tagesfamilienvermittlung Laupen,46.903513,7.2400595
tageseltern nikolai,46.0205023,7.7494615
Kindertagesstätte Hummelinäscht,46.9581613,7.4892813
Nido Borgo,46.3256952,10.0605218
Tagesheim Sunnegarte,47.492724,7.6138002
Famiglias da di,46.7971589,10.3024628
Tagesfamilien Vermittlung Sursee,47.1730743,8.1087619
Kinderkrippe Hurrlibus,47.1188266,7.9897611
KiBiZ Hofmatt,47.1619976,8.5156812
KiBiZ Stampfi,47.1781354,8.504119
KiBiZ Guthirt,47.1762347,8.5217462
KiBiZ Eichwald,47.1826338,8.5059713
KIBIZ Chriesimatt,47.1933461,8.5325308
Lo scoiattolino,45.8523588,8.9387971
Il nido dello Scoiattolo,45.8533822,8.9838141
Asilo nido Il castello dei bimbi,46.1879138,9.023226
Kinderhaus Schwamendingen,47.4062557,8.5710716
Kita In Böden,47.4180598,8.5097138
Kinderhaus Artergut,47.3659215,8.5556143
Kita Mattenhof,47.3999313,8.5936087
Kita Tièchestrasse,47.3983942,8.5263551
Kita Selnau,47.3697402,8.5306562
Kita Paradies,47.3346594,8.5268021
Kita Leutschenbach,47.4144727,8.5622462
Kita Triemlispital,47.3652451,8.5012746
Betreuungszentrum,47.3407536,8.5244253
Kita Satellit Waidspital,47.3983228,8.5181169
Kita Kieselstein,47.3730156,9.1949827
Kita Popcorn,47.4276501,8.5672217
PASITOS, Guarderia Espanola,47.3697379,8.5328011
Kindertagesstätte TuttiFrutti,47.1383666,7.2406864
Bambis Chinderland,47.3647789,8.5331069
Bambis Chinderland,47.3619055,8.533993
Kinderstube Oerlikon,47.4135067,8.5582952
Kita Niederweningen,47.5098855,8.3773099
Kinderstube Wehntal Schöfflisdorf,47.4991294,8.4130887
Kinderstube Steinmaur,47.4925244,8.4491047
The First Step Wildbachstrasse,47.3567057,8.5572781
The First Step Färberstrasse,47.361362,8.5527122
KIMI Giardino AG,47.5199879,8.5357877
KIMI Giardino Nido GmbH,47.40172,8.1770673
KIMI Giardino AG,47.4509719,8.5857379
KIMI Daleu AG,46.8545393,9.5258993
KIMI Giardino AG,47.4182744,8.625879
KIMI Central AG,47.3884733,8.5348547
KIMI Giardino AG,47.4431223,8.6211561
KIMI Giardino,47.402776,8.4468593
KIMI Reiat AG,47.7481558,8.7106807
KIMI Tower AG,47.1948873,8.5174125
KIMI Giardino AG,47.4785075,7.7360842
KIMI Giardino AG,47.5022621,8.5468241
KIMI Giardino AG,47.3205353,8.4248942
KIMI Giardino AG,47.4428815,8.6314663
KIMI Giardino AG  Standort Futura,47.3979826,8.4427196
KIMI Giardino AG,47.6387725,8.7912208
KIMI Daleu AG,46.8503416,9.5107803
KIMI Tower AG,47.1834778,8.4605784
KIMI Giardino AG,47.3882915,8.6791336
KIMI Central AG,47.3771926,8.5375968
KIMI Giardino AG,47.3373783,8.4390467
KIMI Giardino AG Standort Binningen,47.5422052,7.5758022
Pika Kinderkrippe,47.3596664,8.5321267
Alexi's Kinderkrippe GmbH,47.3633703,8.5288973
Kinderkrippe Möndli,47.4184184,8.3667357
Chinderhuus Rudolfstetten,47.3682324,8.3800589
Kinderkrippe Purzelhuus,47.3885926,8.1735081
Kita Albatros,47.3541352,8.5083901
Kinderkrippe Sunneschii,47.5764633,8.5220196
Kinderkrippe Sunneschii «Hüsli»,47.5801317,8.5150172
Kinderkrippe Zwerglihuus,47.4844364,8.7102508
Rachel's Kinderkrippe,47.3605128,8.5645951
Tageshort der Micarna SA,47.4125211,9.0652449
Globi Kinderkrippe Sonnäwinkel,47.4017314,9.301372
Globi Kinderkrippe Gossau,47.4185655,9.252082
Globi Kinderkrippe St.Gallen,47.4300477,9.3777229
Globi Kinderkrippe Otmar,47.4178466,9.3600333
Globi Kinderkrippe Oberbüren,47.4510604,9.1584788
Early Learning Academy,47.539139,7.5752897
Kindervilla Im Dorf,47.5262508,7.5753231
Kindervilla Bruderholz,47.524346,7.5812535
Kinderkrippe Häslischloss,47.5203583,7.6063371
Kinderkrippe Häslischloss,47.5200942,7.6065213
Kindertagesstätte Chliinä Chnopf,47.449436,7.8060242
Kinderkrippe Rapunzel,46.8600341,8.2274604
Kinderkrippe Burgnäschtli Rothenburg,47.0972942,8.2718399
Kita Stellina,47.1657908,8.2930994
Villa Luna - ein Haus für Kinder,47.1731708,8.1107154
TaFF Adligenswil GmbH,47.0744983,8.359232
TaFF Luzern GmbH,47.0545242,8.3563488
TaFF Wolhusen,47.0580135,8.0694759
TaFF Weggis,47.0324721,8.4362815
Kita Wirbelwind,47.4452009,9.534543
Kita Wirbelwind,47.447027,9.5442484
Chinderhuus Märlizauber,47.4940062,7.6155463
Bambi-Tagi,47.5553572,7.6196788
Kita Momo Frenkendorf,47.5021661,7.7161483
Kita Momo Möhlin,47.5526004,7.8480266
Kita Momo Rheinfelden,47.5487146,7.7754254
Tagesheim zum Wiedehopf Grienschnabel,47.566709,7.5793069
Kinderhuus zem Glugger,47.5704744,7.6316242
Chinderschloss Näfels,47.1015424,9.0650631
Zürisee-Krippe,47.2062601,8.7487015
Kindertagesstätte Villa Rainbow,47.196122,8.8557424
Chinderhuus Villa Kunterbunt,47.3873475,8.0723579
Naturkita Villa Kunterbunt,47.388151,8.0652022
Kita Fruchtzwerg Bremgarten,47.353931,8.3370795
Kita Chinderschlössli Aarburg,47.3184596,7.9069117
Kindertagesstätte Meisterschwanden,47.2957726,8.2277458
Kita Wichtelburg,47.2700657,8.329465
Kindertagesstätte Sunneschii,47.3070958,8.0545341
KIBE Region Huttwil / Tagesfamilien,47.1144809,7.8348534
Kindertagesstätte Ins,47.0069857,7.1022319
Kindertagesstätte Gampelen,47.0152087,7.0597657
Kinderhaus Langnau,46.9440809,7.7783329
Kita Wunderland,47.1640775,7.7968676
Kita Pinocchio,46.9953289,7.1449674
Kita Schnäggli - Standort Wiedlisbach,47.252057,7.6380867
Kita Schnäggli - Standort Niederbipp,47.2713164,7.685588
Montessori Kinderhaus,47.6439257,9.1800308
KiTa Schlumpfäland,47.4788775,8.9951163
Kinderkrippe Hexenburg,47.2175461,7.5440824
Kita Tubeschlag,47.2125445,7.5227144
Kindertagesstätte Goldach,47.4784163,9.4635348
Prismalino Kindertagesstätte,47.2284872,8.8207191
Kita Nepomuk,47.2412661,8.9213638
Chinderhus Rägebogä,47.4520602,9.6387472
Kinderbetreuung Tutti Frutti,47.441699,9.3963818
Kinderbetreuung Tutti Frutti,47.4318844,9.3993074
Kinderkrippe Löwenzahn,47.4326772,9.3722101
Chinderhus Rägeboge,47.4399018,9.1349531
Kinderhaus Momo,47.2097294,7.5087579
Kinderhaus Hägendorf,47.3312858,7.8465159
Kita Lommiswil,47.2302079,7.4738578
Kindertagesstätte Lilly & Lars,47.353186,7.9091199
Chinderträff Löwäpfootä,46.8599957,8.6488571
Kinderkrippe Ameisiland,47.1831946,8.4939546
Kita Schnäggehuus,47.193988,8.4551306
Kita Städtli,47.1836677,8.4655167
Kita Wölkli,47.1684204,8.553504
Kita Wölkli,47.1707781,8.5252364
Kinderkrippe Lil' Mouse House,47.1478542,8.4309297
NaturKita,47.3074008,8.5184964
Kinderkrippe Huetiberg,47.3802705,8.421828
Kinderkrippe Sunezyt,47.3892865,8.4204049
Kinderkrippe Zwergenvilla,47.3562716,8.4489583
Kinderkrippe Zauberhöhle,47.3857825,8.0557051
Kinderkrippe Am Rietpark,47.3994332,8.4437372
Kita Spitzacker,47.3850337,8.4223132
Kinderkrippe Traumstern,47.3557216,8.4491068
Kinderkrippe Oehler,47.3911636,8.0602972
Elisa Steig,47.5779175,8.5200102
Kinderkrippe Elisa Haldenweg,47.5731519,8.5227579
KibiZ Geroldswil Hort,47.4225141,8.4107592
Kita Kidsloft,47.2878224,8.6146225
Kindertagesstätte Storch,47.4055491,8.4770409
Preschool & Kindergarten,47.2858798,8.5728825
Parkside School Kita Oberrieden,47.2791187,8.5738374
Chinderhuus ZicZac,47.4328162,8.6730322
Kinderkrippe Mary Poppins,47.3465408,8.7165315
KiTa STEP-BY-STEP,47.2268903,8.676074
Hort "Kindertagesstätte KiWi",47.5238002,8.7926068
Children First Association,47.3628194,8.5638237
Kinderkrippe Blumenwiese,47.3843116,8.5514702
KiTa Storchennest,47.0698833,7.3648259
Kitapunkt,47.2103096,7.6204824
Kinderkrippe Baden,47.4696808,8.3056985
Chinderschlössli,47.4702932,8.3212644
Chinderhuus Violahof,47.5357672,7.7318645
Kindertagesstätte Eckstein,47.509438,7.617532
Kindertagesstätte kids au lac,47.1318084,7.2401704
Kita Schatzinsel,47.5356153,7.5736604
Kita Zappelchischte,47.1878092,7.7869589
Kita Calimero Tuggen,47.2032164,8.9395114
Chinderhuus Cavallino,47.4573805,9.3942529
Chinderhuus Dörfli,47.5585079,8.4995107
Chinderhuus im Werk,47.350083,8.7233141
Chinderhuus Rössli,47.4000276,8.2144656
Kita Chinderinsle zur Sonne,47.5257225,7.8141373
Kinderkrippe Zwärgliburg,47.2882692,8.537398
Trilingual Dayschool DEF,47.3855156,8.5397094
Trilingual Dayschool DEF,47.2682735,8.6495309
Trilingual Dayschool DEF,47.3824059,8.5414233
Kinderhaus Ringelrosen,47.3963143,8.529439
Kinderhaus Ringelrosen,47.3955514,8.5323614
Kinderhaus Ringelrosen,47.3963234,8.5303797
Kindertagesstätte Makena,47.1114697,7.22935
Kindertagesstätte Spillchischta,46.2895602,7.8841256
Kindertagesstätte Villa Chräuel,47.4563392,8.7753493
Kindertraum-Haus,47.2752091,8.6546579
Kindertreff Miraculix,47.1974719,8.5295143
Kita Campus,47.0543108,8.3062627
Kita Glütschbach,46.7570787,7.5774167
Kita Käferberg,47.3972334,8.5187273
Kinderbetreuung beider Basel GmbH,47.5627715,7.5778747
Kita Feldsäge,47.488056,7.7302328
Kita Summervogel Zuzwil,47.4738492,9.109884
Kita minido,47.4130313,8.4772132
Kita Windrädli,47.4121295,8.5330359
Kita Zwärgenäscht,47.1169409,7.2570131
Kita Mythenand und Tagesplatz Mythenand,47.0237288,8.6333031
Kita KIWI,46.9778835,7.4727635
Tageseltern Ittigen,46.9831348,7.4786158
Teddybär, private Kinderkrippe GmbH,47.2353242,8.7402534
Guardería Infantil Española,47.5523469,7.5786048
Kibez Tageseltern,46.9953202,7.4522782
Kita Talgutzentrum,46.9743458,7.4809487
Accueil Familial de Jour de la Sarine,46.7986654,7.147058
Tagesheim Villa Kunterbunt,47.4003919,7.6912582
Kinderkrippe Glückspilze,47.2590437,8.602414
Kindertagesstätte Meister Petz,47.4564089,8.3265155
Kinderkrippe Momo/Momolino,47.3653891,8.3771913
L'arche des enfants / D'Chinderarche,46.8104033,7.1484296
ASB Trésor,46.9201363,7.1082257
Kita Villa la Vida,46.8712128,7.5608544
Kita Tabaluga,46.9296176,7.4505124
Kita Müsliburg,46.9231325,7.4171271
Kita Piccolo,46.9258695,7.3759242
Kita Futura,46.9318411,7.4176273
Kita Lorymatte,46.8704917,7.5631889
Huggyclub,47.181861,8.8729667
Kita Chäferhuus,47.5227926,7.6991276
Kinderkrippe Rägeboge AG (Hort),47.5053901,8.5912793
Wings School,47.3625344,8.5192556
Städtische Hort- und Krippenbetriebe Looren,47.4502445,8.5783359
Kita am Weiher,47.4850493,8.691993
KiddieLand,47.3926362,8.52466
Die Gartenkrippe Tann,47.2652308,8.851096
Die Gartenkrippe Dürnten,47.2780902,8.8420952
Kinderhaus Winterthur,47.5038233,8.7319538
Kita Wyfelde,47.5665306,9.1169354
Kinderkrippe Universität Fribourg,46.8001785,7.1547168
Kita Erdmännli,47.4672163,8.3282212
Kita Little Angels,47.3718623,8.5105731
Kita Sonne,47.5068221,8.7023167
Kita Cheschtenebaum,47.5857828,8.2980492
Chinderhuus Lindenbaum,47.3704202,8.7895609
Spielhuus Schnäggli,47.4403975,9.3860832
Krippe im Dörfli Schneisingen,47.5195143,8.3633126
Kinderkrippe «Mary Poppins»,47.3296421,8.6554092
Kinderkrippe Delfin,47.3671003,8.527549
Kinderkrippe Müsliburg,47.2722186,8.4522848
Kita SmallWorld,47.3487939,7.909182
Kita SmallWorld Standort Bern,46.9500123,7.4429804
KiTa plus,47.2588883,8.8004822
Kinderkrippe Zipfelmütze,47.0514071,8.2976476
Kinderhaus Bozza - Am Stauffacher,47.3743494,8.5290859
Kinderhaus Bozza - Im Lukashof,47.3788605,8.5259697
Kinderhaus Bozza - Hürstwald,47.4137886,8.5233704
Kindertagesstätte KiTa Mühleli,47.4085146,9.065375
Kindertagesstätte Kita Murmeli,47.3285089,8.6528299
Kinderkrippe KiBA,47.3937462,8.6499849
Kita Heprolino,46.9312736,7.124545
Tagesstrukturen Chamäleon,47.4159535,8.0471089
Kita Pimbolino,47.2207163,9.515202
Kinderkrippe Erste Schrittli,47.2887075,8.5400859
Kinderkrippe Little Friends,47.4724109,8.5092824
Kinderhort Pinocchio,47.4067647,9.4647011
Kita Windredli,47.5391959,7.6270982
Kita Zwerglihuus,47.4649565,9.5742803
Kindertagesstätte Tagesheim Schnoogenäscht,47.3968582,7.5453086
kiana krippen,47.103134,8.3745698
kiana krippen,47.0998698,8.2027991
kiana krippen,47.2875704,8.6295296
kiana krippen,47.4981571,8.7342981
Kinderkrippe Bärenland,47.0481869,8.545588
Kinderkrippe Waldgeistli,47.5684894,7.5937966
Kita Trippel-Trappel,47.4042347,8.5515817
Kindertagesstätte Gwundernase,46.9520804,7.4537918
Familienergänzende Tagesstrukturen,47.4150146,8.5879584
Kita Ottilotti,46.9411694,7.4523573
Familienhaus Biiälistogg,47.0486178,9.0528977
Kindertagesstätte Luuszapfe,47.0798894,8.2997528
Kita Happy Bellmund,47.1095658,7.2464191
Kita Happy Seedorf,47.0357386,7.3137197
Sonnenblume Kita,47.4813538,8.4592683
Kita Märlischloss,47.0240985,8.2985786
Kita Märlischloss Rothenburg,47.1010524,8.2667567
Kita Langmatt,47.1400151,8.435707
Kita Glungge,47.2192847,7.541155
Kinderkrippe Pony-Zwerge,47.5186663,8.9909656
Ninna Nanna Chinderhuus,47.5270558,8.9028698
Kita Grüffelo,47.6649512,9.0924751
Kita Kunterbunt,47.5259001,7.6979425
Kita am See,47.1929425,8.8275224
Kita Nonna Rosa,47.4137871,8.5596947
Intregrative Kindertagesstätte Peter Pan,47.4605528,9.3934011
Kita Chinderpalast,47.490482,8.2451274
Kindertagesstätte Kinderzauberwelt,47.2950984,8.5624227
Montessori House of Kids,47.3222756,8.528428
NASCHU,47.1734006,8.4310209
Kindertagesstätte Stärneschloss,47.0427214,7.272243
Kindertagesstätte Ginkjo,47.1516925,7.2381184
KITA Orchidee,47.4110986,8.5626704
TEV Gantrisch,46.8085752,7.47148
Feldegger Stadtzwerge,47.360408,8.5527584
Kita Zauberflöte,47.2048409,8.705911
Kita MunggaHüüsli,46.8137102,9.5314333
Kindertagesstätte Hirzel,47.2176782,8.5956381
Kita Waldmuus,47.3063619,8.5442548
Kinderkrippe Kolibri,47.47165,8.313709
Kinderkrippe kidin.ch,47.3323775,8.7116489
Tagesstruktur Schwerzenbach,47.3850118,8.6559716
Kinderkrippe Minibambini,47.3666231,8.4614277
Kita Mamuchi,47.1698315,7.5307334
Kinderkrippe Witzchistli,47.4025496,8.5453327
Kinderkrippe Spielhuus am See,47.3329955,8.5438236
Little Green House Gland,46.4158115,6.2680387
Little Green House Morges 1+2,46.5056598,6.4806036
Little Green House Versoix,46.2911644,6.1663649
Little Green House Altstetten,47.3867453,8.4963562
Kita Wandelbar,47.2308405,8.6633419
Kindertagesstätte Tigerente,46.7800091,7.6325636
Kita Cha Cha Cha,47.3832874,8.5494754
Kita Cha Cha Cha,47.3898931,8.5393317
Kiddies Nest,47.4908923,8.503749
Kita Calimero,47.2163452,9.0103134
Kita im Chärn,47.4672232,9.4211665
Kita Eulennest,47.513265,7.6022385
Nido Kita Kinderbetreuung,47.1870745,8.4788169
KiTa Zwergenburg,47.4889944,7.4989396
Kinderkrippe Seepfärdli,47.3541002,8.5613365
Kita Selzach,47.2036427,7.4567764
Kita Karussell,47.478196,8.4549298
Daycare Actelino,47.5561833,7.5452543
Kindertagesstätte Wichtelwelt,46.7420409,7.6279009
Chindertroum,46.935997,7.4252376
Kinderhort Merlin,47.1878794,8.8573715
Tagesfamilienvermittlung Männedorf,47.2544376,8.6949718
Schülerclub Blatten,47.254301,8.6959463
Schülerclub Mittelstufe Pavillion Hasenacker,47.2558693,8.6981369
Tagi Engehalbinsel,46.972311,7.4479361
Tagi Kleefeld,46.9392869,7.3867301
Tagi Länggasse,46.9550762,7.4296072
Tagi Murifeld,46.9397262,7.4720701
Tagi Weissenstein,46.939748,7.4255255
Tagi Wittigkofen,46.938923,7.480488
Tagesschule Bethlehemacker,46.9500993,7.3876965
Tagesschule Schwabgut,46.9441213,7.3961164
Tagesschule Tscharnergut,46.9475192,7.3905837
Tagesschule Brunnmatt,46.9459908,7.4267454
Tagi Ausserholligen,46.9450706,7.4116408
Tagesschule Rossfeld,46.9763136,7.45138
Tagesschule Altstadt/Schlosshalde,46.9511875,7.4667175
Tagesschule Breitfeld/Wankdorf,46.9624968,7.4532296
Tagesschule Kirchenfeld,46.9395777,7.4470773
Tagesschule Laubegg,46.9474278,7.4656385
Tagesschule Manuel,46.9383599,7.4686941
Tagesschule Marzili/Sulgenbach,46.9421056,7.4402349
Tagesschule Pestalozzi/Munzinger,46.9399187,7.4242778
Schulanlage Dorf,47.3084728,8.556118
Schulanlage Moos, Gebäude 1,47.3063174,8.5473708
Schülerclub Erlenbach,47.3018462,8.5986395
Kids & Co Tageskindergarten,47.364498,8.5113846
Mittagstisch St. Peter,47.5612107,7.574416
Mittagstisch Gemeindehaus,47.3245726,8.5451043
Hort Brunnenmoos,47.3199764,8.5441227
Hort Dorf,47.3213686,8.5481841
Mitagstisch kath. Kirchgemeindehaus,47.3202546,8.5432554
pop e poppa les ticoquins,46.2550096,6.1543082
pop e poppa bex,46.248836,7.0160068
Schulergänzende Betreuung Münchenstein,47.5122573,7.62225
Schulergänzende Betreuung Münchenstein,47.5212888,7.6136682
Schulergänzende Betreuung Langenheid,47.5181311,7.6200423
ABB Hort Stadtbach-Piraten,47.4681925,8.2962291
Schülerclub Allmend,47.2724516,8.6474184
Schülerclub Obermeilen,47.2652619,8.6561758
Schülerclub Feldmeilen,47.2771543,8.6233493
Mittagesbetreuung Nendeln,47.1973522,9.546202
Mittagsbetreuung Schellenberg,47.2329569,9.5476728
Mittagsbetreuung Triesenberg,47.1171338,9.5472949
Tagesstrukturen Schaan,47.1649869,9.5185227
Tagesstrukturen Eschen,47.213565,9.5241571
Kinderhort Högler,47.3939785,8.6082226
Kinderhort Zentrum,47.3971794,8.6198581
Kinderhort Gockhausen,47.3825219,8.601667
Kinderhort Birchlen,47.3976938,8.6126362
Kinderhort Zwinggarten 2,47.4025563,8.6209884
Schülerhort Samstagern,47.1930911,8.6771
Schülerhort Dorf,47.206381,8.7041126
Schülerhort Feld 2,47.2086343,8.691374
Schulergänzende Betreuung Schlimperg,47.4306512,8.6849061
Schulergänzende Betreuung Eselriet,47.4227766,8.70087
Schulergänzende Betreuung Kyburg,47.4553974,8.7436016
Schulergänzende Betreuung Illnau,47.4093025,8.719318
KITA Känguru Aare (Hort),47.3984002,8.04581
Schülerhort Dietlimoos,47.3219884,8.5312134
Schülerhort Sonnenberg,47.3102534,8.5231831
Schülerhort Kopfholz,47.3078581,8.532974
Schülerhort Werd,47.3163525,8.5277279
Mittagstisch Hofern,47.3106419,8.5193771
Mittagstisch Kronenwiese 2,47.3129585,8.5282113
Schülerhort Zopf,47.318994,8.51676
Chinderhuus Muur,47.3542672,8.6398846
Chinderhuus Muur,47.3415821,8.6670099
Chinderhuus Muur,47.3264914,8.6573351
Tagesstätte Hort Clubhaus Telli,47.3991053,8.0613449
Tagesstruktur Erlinsbach AG und Erlinsbach SO,47.4043465,8.0103192
Krippenhort Poststrasse,47.4018509,8.4035313
Tagesschule Wetzwil - Hort TSW,47.2969566,8.6262414
Tagesschule Bremgarten bei Bern,46.9754147,7.4384217
Kinderhort Ringelreija Rafji,46.3166049,7.992161
Chinderhuus Küssnacht,47.0810358,8.4401623
Chinderhuus Gönhard,47.3865812,8.0526682
Schülerhort Heinrich-Walter-Haus,47.0344621,8.2815086
Schülerhort Feldmühle,47.0353454,8.2641097
Schülerhort Meiersmatt,47.0317717,8.2680202
Schülerhort Roggern,47.0261871,8.2895779
Schülerhort Amlehn,47.0363099,8.2900103
Kinderhort Fischenrüti,47.2477284,8.6022996
Tagesschule Pieterlen,47.174544,7.3308067
Tageshort Zielacker,47.563122,8.9096589
Tageshort Kurzdorf,47.5590105,8.8911665
IG Kinderwerkstatt,47.3931401,8.6225371
Schülerhort Rosengasse,47.6950209,8.6341066
Städt. Schülerhort Emmersberg,47.699268,8.6426361
Städtische Tagesschule,47.7236382,8.6568531
Hort Chinderhuus Hedingen,47.2971396,8.444613
Kinderhort Reiserstrasse,47.3435866,7.9090435
Chinderhort Neumatt,47.3525839,7.9016712
Villa Tagi,46.9393259,7.4328015
Hort momina,47.2764661,8.5755521
KidsPlus,47.3180739,9.5658975
Hort Zauberschiff,47.3621928,8.0991042
Tagesstrukturen Ennetbaden,47.4791946,8.3179402
Tagesschule Steffisburg,46.7695191,7.6201633
Schule SalZH,47.4870996,8.7646967
Neubühl,47.3333184,8.5325834
In der Ey,47.3780088,8.488714
Aussersihl,47.3782408,8.5249109
Triemli,47.3726832,8.486795
Sihlweid,47.3265814,8.5162915
Im Isengrind,47.4230579,8.5139231
Bühl,47.3682109,8.5163122
Apfelbaum,47.4066432,8.5555407
Küngenmatt,47.3685724,8.5035161
Milchbuck,47.3960566,8.5385875
Am Uetliberg,47.3594947,8.5066178
Luchswiesen,47.4041752,8.582544
Hutten,47.3822577,8.5489092
Auzelg,47.3153241,8.5177043
Hürstholz,47.4148103,8.5215486
Kolbenacker,47.4261775,8.5511787
Kügeliloo,47.410584,8.5281014
Limmat,47.3834686,8.5342618
Hirzenbach,47.4026922,8.5869638
Mattenhof,47.3989287,8.5882207
Allenmoos,47.4021042,8.5392291
Hirschengraben,47.3732115,8.5475753
Buchwiesen,47.4278358,8.5405032
Chriesiweg,47.3886624,8.473374
Kornhaus,47.3862243,8.5301198
Zurlinden,47.3721301,8.5175566
Rütihof,47.4126191,8.4790471
Buchlern,47.3840642,8.4795757
Staudenbühl,47.4186616,8.5357014
Auhof,47.4073847,8.5697421
Altstetterstrasse,47.3859172,8.4865388
Letzi,47.3707,8.4971236
Buhn,47.420819,8.5452883
Hirslanden,47.3619403,8.5654202
Gubel,47.4068298,8.5464287
Bläsi,47.401854,8.5016448
Schauenberg,47.4250577,8.5006944
Sihlfeld,47.3808701,8.5150054
Weinberg Turner,47.3892709,8.5398912
Wollishofen / Im Lee,47.3423867,8.5343707
Probstei,47.4014792,8.5768289
Blumenfeld,47.424142,8.5040781
Entlisberg,47.3365665,8.5277408
Untermoos,47.3803824,8.4818875
Vogtsrain,47.4043967,8.49934
Altweg,47.3755225,8.4966483
Im Gut,47.3716897,8.5039491
Gabler,47.3603577,8.5297624
Rebhügel,47.3653821,8.5167713
Hardau,47.381256,8.5101823
Kappeli,47.3862362,8.4930084
Grünau,47.3966431,8.4881009
Aemtler A,47.3736489,8.5125871
Balgrist-Kartaus,47.3543741,8.5774648
Im Birch,47.4155971,8.540144
Looren-Langmatt,47.3611881,8.5959988
Riesbach,47.3591904,8.5540303
Utogrund,47.3796173,8.49589
Letten,47.3891972,8.5334524
Ilgen,47.3697129,8.5597984
Fluntern,47.3760406,8.5588463
Am Wasser, Schuleinheit,47.3961314,8.5053394
Bachtobel,47.3593219,8.5116713
Leutschenbach, Schuleinheit,47.4135633,8.5626562
Nordstrasse, Schuleinheit,47.3950314,8.526207
Aegerten,47.3690962,8.5226325
Altweg 2,47.372883,8.4921539
Loogarten,47.3880711,8.4731109
Kinderhort Chugle Städtli,47.5762137,8.5231843
Kinderhort Chugle Seglingen,47.5727569,8.5255406
Children's World Ennetbaden, Kindergarten,47.4792671,8.3143061
Tagesfamilienvermittlung Langnau a.A.,47.2896724,8.5364618
Tagesschule Bernstrasse,46.9575967,7.488977
Tagesschule Dennigkofen,46.949372,7.4889422
Tagesschule Mösli,46.9596556,7.4837621
Tagesschule Rüti,46.9577221,7.5022321
Famiglie Diurne Lugano,46.0252075,8.937445
Tagesfamilien Sunnegarte,47.4939081,7.6158875
Famiglie Diurne del Mendrisiotto,45.8463,9.0326
AGAPE - Banchetti,46.0152888,8.9154543
Stadt Buchs / Schulische Tagesstätte,47.1658057,9.470693
KIMI Giardino AG,47.4252426,8.6156162
KIMI Giardino AG Standort Glattpark,47.4230958,8.5612813
Tagesstruktur Villa Kunterbunt,47.3759756,8.0793863
Tagesstrukturen Untersiggenthal,47.510648,8.2609423
Kinderhort Löwenzahn,47.4320841,9.3737796
Schuelerhus Rägeboge,47.4402272,9.1360773
Tageskindergarten Big Bear House,47.1471254,8.4288593
Kinderhort Räuberhöhle,47.3841693,8.4245222
Tagesstrukturen,47.5405187,7.7224977
Tagesschule Ipsach,47.1128759,7.2359983
Hort im Lot,47.3484795,8.7112174
Freier Chindsgi Hönggerberg,47.4021452,8.5070621
Kibelac,46.9293433,7.1204652
Hort Cheschtenebaum,47.5839615,8.2950154
Tagesbetreuung,47.4364231,9.3928615
Tagesbetreuung,47.4204292,9.3524115
Tagesbetreuung,47.4207156,9.3686594
Tagesbetreuung,47.4174815,9.3511259
Tagesbetreuung,47.4297986,9.3813068
Tagesbetreuung,47.4315306,9.3922423
Tagesbetreuung,47.4425857,9.4109094
Tagesbetreuung,47.4348716,9.4110822
Tagesbetreuung,47.4111828,9.3309663
Tagesbetreuung,47.4033135,9.3346356
Tagesbetreuung, Standort Hebel,47.4174069,9.3826332
Tagesbetreuung, Standort Hof-Kreuzbühl,47.4028511,9.2988802
Schülerhort Schule Diepoldsau-Schmitter,47.3852937,9.6549478
Campus Heprolino,46.9343902,7.1228458
Tagesstrukturen Chamäleon,47.4147096,8.0487652
Tagesstrukturen Chamäleon,47.4083536,8.0515941
Tageskindergarten Allschwil,47.5482182,7.5534483
Schulhaus Gartenhof,47.5504864,7.5449795
Tageskindergarten Allschwil,47.5509956,7.546891
Schule Stansstad,46.978839,8.3387705
Schule Dierikon,47.0962188,8.369748
Tagesschule Evilard,47.151251,7.2377113
Mittagstisch Familientreff Bern,46.9432903,7.4644413
Tagesschule NOSTRA,47.5513127,9.3010116
Tagesstrukturen Schule Grüningen,47.2784727,8.7579022
Tagesschule Oenz,47.1842535,7.6954123
Schülerclub Arbeitsschulhaus,47.3898458,8.6893295
Schülerclub Gutenswil,47.3856045,8.7201041
Schülerclub In der Höh,47.3840766,8.6718604
Kinderhort English Eagles,47.3182296,8.5215463
Tagesfamilienvermittlung Thalwil,47.29607,8.5614911
Zuständig für diese Gemeinde:<br />Tagesfamilienvermittlung Obwalden,46.9380412,8.2701754
Zuständig für diese Gemeinde:<br />Tagesfamilienvermittlung Obwalden,46.8200266,8.4069918
Zuständig für diese Gemeinde:<br />Tagesfamilienvermittlung Obwalden,46.838212,8.1872814
Zuständig für diese Gemeinde:<br />Tagesfamilienvermittlung Obwalden,46.9022606,8.2763586
Zuständig für diese Gemeinde:<br />Tagesfamilienvermittlung Obwalden,46.7858188,8.159704
Zuständig für diese Gemeinde:<br />Tagesfamilienvermittlung Obwalden,46.8671605,8.2393778
Zuständig für diese Gemeinde:<br />Tagesfamilienvermittlung Obwalden,46.8959313,8.2456758
Tagesfamilien Wädenswil,47.2273915,8.6628403
Tagesfamilien der Gemeinde Münchenstein,47.5193571,7.6124006
GFZ Tagesfamilien,47.3687824,8.5509077
Verein Seevogtey,47.1367,8.19098
Zuständig für diese Gemeinde:<br />Verein Seevogtey,47.1534138,8.1666942
Zuständig für diese Gemeinde:<br />Verein Seevogtey,47.1341481,8.1933634
Zuständig für diese Gemeinde:<br />Verein Seevogtey,47.1507878,8.2284761
Zuständig für diese Gemeinde:<br />Verein Seevogtey,47.1008169,8.2027053
Zuständig für diese Gemeinde:<br />Verein Seevogtey,47.1358124,8.1359149
Tagesfamilienbetreuung FEE Meilen,47.269003,8.6425826
Tagesfamilien Oberengadin,46.5364769,9.8734831
Kinderbetreuung SDM,47.4080009,9.6282185
Zuständig für diese Gemeinde:<br />Kinderbetreuung SDM,47.431055,9.6343097
Zuständig für diese Gemeinde:<br />Kinderbetreuung SDM,47.4067767,9.6059622
Zuständig für diese Gemeinde:<br />Kinderbetreuung SDM,47.4255058,9.6135168
Zuständig für diese Gemeinde:<br />Kinderbetreuung SDM,47.385988,9.6547802
Zuständig für diese Gemeinde:<br />Kinderbetreuung SDM,47.4055145,9.6375563
Zuständig für diese Gemeinde:<br />Kinderbetreuung SDM,47.4496088,9.6376089
Tagesfamilienvermittlung Dietikon,47.4054273,8.4006827
FeB Reinach - Tagesfamilien,47.4972583,7.6004908
Tagesfamilien Basel-Stadt,47.5569469,7.5896709
Tagesfamilien Horgen,47.2585501,8.5996152
Zuständig für diese Gemeinde:<br />Tagesfamilien Horgen,47.2483725,8.6079058
Zuständig für diese Gemeinde:<br />Tagesfamilien Horgen,47.2146575,8.6106574
Zuständig für diese Gemeinde:<br />KIBE Region Huttwil / Tagesfamilien,46.818188,8.227512
Tagesfamilien Düdingen,46.8199539,7.2243691
Tagesfamilien Nestwärme Studen,47.1148073,7.3006867
leolea Kanton Bern,46.9451639,7.4442936
KJBE - Tagesfamilien,46.8504852,9.533708
Zuständig für diese Gemeinde:<br />KJBE - Tagesfamilien,46.7375722,9.4558414
Zuständig für diese Gemeinde:<br />KJBE - Tagesfamilien,46.8117055,9.4000143
Zuständig für diese Gemeinde:<br />KJBE - Tagesfamilien,46.7207797,9.4301515
Zuständig für diese Gemeinde:<br />KJBE - Tagesfamilien,46.8507835,9.5319859
Zuständig für diese Gemeinde:<br />KJBE - Tagesfamilien,46.7809052,9.5434284
Zuständig für diese Gemeinde:<br />KJBE - Tagesfamilien,46.8336355,9.4473545
Zuständig für diese Gemeinde:<br />KJBE - Tagesfamilien,46.8452376,9.4712304
Zuständig für diese Gemeinde:<br />KJBE - Tagesfamilien,46.9806104,9.6503565
Zuständig für diese Gemeinde:<br />KJBE - Tagesfamilien,46.8786697,9.5261007
Zuständig für diese Gemeinde:<br />KJBE - Tagesfamilien,46.9681937,9.5626299
Zuständig für diese Gemeinde:<br />KJBE - Tagesfamilien,46.9816699,9.5758945
Zuständig für diese Gemeinde:<br />KJBE - Tagesfamilien,46.5974706,9.5731025
Zuständig für diese Gemeinde:<br />KJBE - Tagesfamilien,46.7923608,9.25738
Zuständig für diese Gemeinde:<br />KJBE - Tagesfamilien,46.9905027,9.6372642
Zuständig für diese Gemeinde:<br />KJBE - Tagesfamilien,46.9009,9.56155
Zuständig für diese Gemeinde:<br />KJBE - Tagesfamilien,46.9275438,9.5351588
Zuständig für diese Gemeinde:<br />KJBE - Tagesfamilien,46.72594,9.55765
Zuständig für diese Gemeinde:<br />KiPlus Tagesfamilien,46.8569192,7.4945151
Zuständig für diese Gemeinde:<br />KiPlus Tagesfamilien,46.8649821,7.5201195
Parents d'accueil Bienne,47.1317778,7.2380879
Tageselternverein Konolfingen u.Umgebung,46.8875616,7.6301682
Zuständig für diese Gemeinde:<br />tageseltern nikolai,46.1965853,7.8397911
Zuständig für diese Gemeinde:<br />tageseltern nikolai,46.1762332,7.8045917
Zuständig für diese Gemeinde:<br />tageseltern nikolai,46.1011132,7.7840062
Zuständig für diese Gemeinde:<br />tageseltern nikolai,46.0679692,7.7759045
Zuständig für diese Gemeinde:<br />tageseltern nikolai,46.0207133,7.749117
Tageselternvermittlung Spiez,46.6726228,7.6914971
Zuständig für diese Gemeinde:<br />Tageselternvermittlung Spiez,46.6901725,7.6610777
Zuständig für diese Gemeinde:<br />Tageselternvermittlung Spiez,46.6640465,7.5429935
Zuständig für diese Gemeinde:<br />Tageselternvermittlung Spiez,46.6731191,7.5892195
Zuständig für diese Gemeinde:<br />Tageselternvermittlung Spiez,46.671465,7.5041016
Zuständig für diese Gemeinde:<br />Tageselternvermittlung Spiez,46.6729708,7.4811642
Zuständig für diese Gemeinde:<br />Tageselternvermittlung Spiez,46.6761167,7.6386272
Zuständig für diese Gemeinde:<br />Tageselternvermittlung Spiez,46.6717358,7.682455
Zuständig für diese Gemeinde:<br />Tageselternvermittlung Spiez,46.6705727,7.6997104
Zuständig für diese Gemeinde:<br />Tageselternvermittlung Spiez,46.7034533,7.6441543
Zuständig für diese Gemeinde:<br />Tageselternvermittlung Spiez,46.7123452,7.6201883
Zuständig für diese Gemeinde:<br />Tageselternvermittlung Spiez,46.6561235,7.7338674
Zuständig für diese Gemeinde:<br />Tageselternvermittlung Spiez,46.5992099,7.6424435
Zuständig für diese Gemeinde:<br />Tageselternvermittlung Spiez,46.4793126,7.552189
Zuständig für diese Gemeinde:<br />Tageselternvermittlung Spiez,46.6156611,7.7579836
Famiglie Diurne del Moesano,46.2186457,9.1328397
Appoggio familiare Valposchiavo,46.3236009,10.0610574
Die Tagesfamilie,47.4541637,8.2815492
Zuständig für diese Gemeinde:<br />Die Tagesfamilie,47.4439063,8.2960859
Zuständig für diese Gemeinde:<br />Die Tagesfamilie,47.390434,8.0457015
Zuständig für diese Gemeinde:<br />Die Tagesfamilie,47.2874825,8.1419602
Zuständig für diese Gemeinde:<br />Die Tagesfamilie,47.5877895,8.2933248
FAMEX,47.5106257,8.0169701
Zuständig für diese Gemeinde:<br />Famiglias da di,46.7004826,10.0949116
Zuständig für diese Gemeinde:<br />Famiglias da di,46.7507975,10.0796664
Zuständig für diese Gemeinde:<br />Famiglias da di,46.7679834,10.1107044
Zuständig für diese Gemeinde:<br />Famiglias da di,46.7756707,10.1528726
Zuständig für diese Gemeinde:<br />Famiglias da di,46.7749013,10.2017095
Zuständig für diese Gemeinde:<br />Famiglias da di,46.79216,10.24761
Zuständig für diese Gemeinde:<br />Famiglias da di,46.7758856,10.2584949
Zuständig für diese Gemeinde:<br />Famiglias da di,46.8168332,10.3377292
Zuständig für diese Gemeinde:<br />Famiglias da di,46.7968716,10.2977381
Zuständig für diese Gemeinde:<br />Famiglias da di,46.866667,10.416667
Eltern Kind Forum,47.1442487,9.5153996
Chenderhand Kinderbetreuung Seetal,47.1704835,8.2837222
Tagesfamilien Horw,47.0192192,8.3098125
Tagesplatzvermittlung Willisau,47.125418,7.9901715
KiBiZ Tagesfamilien,47.1775141,8.5176954
Zuständig für diese Gemeinde:<br />KiBiZ Tagesfamilien,47.1661672,8.5154946
Zuständig für diese Gemeinde:<br />KiBiZ Tagesfamilien,47.200425,8.4602565
Zuständig für diese Gemeinde:<br />KiBiZ Tagesfamilien,47.1986689,8.4839055
Zuständig für diese Gemeinde:<br />KiBiZ Tagesfamilien,47.2039208,8.4129789
Zuständig für diese Gemeinde:<br />KiBiZ Tagesfamilien,47.2003879,8.5267528
Zuständig für diese Gemeinde:<br />KiBiZ Tagesfamilien,47.1069557,8.5288623
Zuständig für diese Gemeinde:<br />KiBiZ Tagesfamilien,47.1427744,8.4430747
Zuständig für diese Gemeinde:<br />KiBiZ Tagesfamilien,47.1351173,8.6131948
Zuständig für diese Gemeinde:<br />KiBiZ Tagesfamilien,47.1758438,8.5919634
Zuständig für diese Gemeinde:<br />KiBiZ Tagesfamilien,47.2011982,8.5814777
Zuständig für diese Gemeinde:<br />KiBiZ Tagesfamilien,47.1667278,8.5498824
Accueil familial de jour de la Broye,46.8494107,6.8468898
Accueil familial de jour de la Glâne,46.6949608,6.9160193
Accueil familial de jour de la Gruyère,46.620567,7.0561164
Accueil familial de jour de la Veveyse,46.5124989,6.849706
Accueil familial jour Genève sud-ouest,46.1833364,6.1360462
AFJ Jura,47.4155618,7.0725041
CAD Crèches à domicile,47.3626543,7.3461938
Famiglie Diurne del Sopraceneri,46.1663212,8.787655
AJEMA Morges-Aubonne,46.5106188,6.4986889
Accueil familial de jour de la Basse-Broye,46.8897202,6.9799426
Zuständig für diese Gemeinde:<br />KIBE Region Huttwil / Tagesfamilien,47.1133544,7.8514819
Zuständig für diese Gemeinde:<br />KIBE Region Huttwil / Tagesfamilien,47.0787116,7.8284601
Zuständig für diese Gemeinde:<br />KIBE Region Huttwil / Tagesfamilien,47.16543,7.79856
Zuständig für diese Gemeinde:<br />KIBE Region Huttwil / Tagesfamilien,47.0886138,7.7916239
Zuständig für diese Gemeinde:<br />KIBE Region Huttwil / Tagesfamilien,47.1212329,7.8029185
Zuständig für diese Gemeinde:<br />KIBE Region Huttwil / Tagesfamilien,47.1359115,7.8125333
Zuständig für diese Gemeinde:<br />KIBE Region Huttwil / Tagesfamilien,47.1457854,7.8721739
Zuständig für diese Gemeinde:<br />KIBE Region Huttwil / Tagesfamilien,47.1366438,7.7724146
Zuständig für diese Gemeinde:<br />KIBE Region Huttwil / Tagesfamilien,47.136092,7.8320796
Zuständig für diese Gemeinde:<br />KIBE Region Huttwil / Tagesfamilien,47.079899,7.850674
Zuständig für diese Gemeinde:<br />KIBE Region Huttwil / Tagesfamilien,47.1822492,7.8515746
TaBeKA,47.5405,7.7225
Tagesfamilien Brugg und Umgebung,47.4743656,8.1969793
SDL Tagesfamilien,47.3987024,8.4508492
Zuständig für diese Gemeinde:<br />SDL Tagesfamilien,47.3982611,8.448795
Zuständig für diese Gemeinde:<br />SDL Tagesfamilien,47.3867071,8.420693
Zuständig für diese Gemeinde:<br />SDL Tagesfamilien,47.35367,8.43714
Zuständig für diese Gemeinde:<br />Tageseltern Aesch,47.4672734,7.5979344
Zuständig für diese Gemeinde:<br />SDL Tagesfamilien,47.4136272,8.4489183
Zuständig für diese Gemeinde:<br />SDL Tagesfamilien,47.4090873,8.4627128
Zuständig für diese Gemeinde:<br />SDL Tagesfamilien,47.4239976,8.4117709
Zuständig für diese Gemeinde:<br />SDL Tagesfamilien,47.4274949,8.394824
Zuständig für diese Gemeinde:<br />SDL Tagesfamilien,47.40761,8.41389
Zuständig für diese Gemeinde:<br />SDL Tagesfamilien,47.4196348,8.4344451
Vermittlung Tagesfamilien Interlaken-Oberhasli VTIO,46.6862051,7.8497156
Zuständig für diese Gemeinde:<br />Vermittlung Tagesfamilien Interlaken-Oberhasli VTIO,46.7189711,7.8097435
Zuständig für diese Gemeinde:<br />Vermittlung Tagesfamilien Interlaken-Oberhasli VTIO,46.6815951,7.9288164
Zuständig für diese Gemeinde:<br />Vermittlung Tagesfamilien Interlaken-Oberhasli VTIO,46.7541541,8.0316899
Zuständig für diese Gemeinde:<br />Vermittlung Tagesfamilien Interlaken-Oberhasli VTIO,46.7516401,8.1007474
Zuständig für diese Gemeinde:<br />Vermittlung Tagesfamilien Interlaken-Oberhasli VTIO,46.6506317,7.8144525
Zuständig für diese Gemeinde:<br />Vermittlung Tagesfamilien Interlaken-Oberhasli VTIO,46.6000582,8.0530537
Zuständig für diese Gemeinde:<br />Vermittlung Tagesfamilien Interlaken-Oberhasli VTIO,46.6450763,7.8951235
Zuständig für diese Gemeinde:<br />Vermittlung Tagesfamilien Interlaken-Oberhasli VTIO,46.6318906,7.9124686
Zuständig für diese Gemeinde:<br />Vermittlung Tagesfamilien Interlaken-Oberhasli VTIO,46.7271574,7.8649048
Zuständig für diese Gemeinde:<br />Vermittlung Tagesfamilien Interlaken-Oberhasli VTIO,46.756852,8.1035427
Zuständig für diese Gemeinde:<br />Vermittlung Tagesfamilien Interlaken-Oberhasli VTIO,46.6282223,8.2026654
Zuständig für diese Gemeinde:<br />Vermittlung Tagesfamilien Interlaken-Oberhasli VTIO,46.6863481,7.8632049
Zuständig für diese Gemeinde:<br />Vermittlung Tagesfamilien Interlaken-Oberhasli VTIO,46.5960688,7.9082575
Zuständig für diese Gemeinde:<br />Vermittlung Tagesfamilien Interlaken-Oberhasli VTIO,46.659798,7.7375726
Zuständig für diese Gemeinde:<br />Vermittlung Tagesfamilien Interlaken-Oberhasli VTIO,46.6382294,7.9491468
Zuständig für diese Gemeinde:<br />Vermittlung Tagesfamilien Interlaken-Oberhasli VTIO,46.6806354,7.8666365
Zuständig für diese Gemeinde:<br />Vermittlung Tagesfamilien Interlaken-Oberhasli VTIO,46.7251614,8.1909081
Zuständig für diese Gemeinde:<br />Vermittlung Tagesfamilien Interlaken-Oberhasli VTIO,46.73769,7.96223
Zuständig für diese Gemeinde:<br />Vermittlung Tagesfamilien Interlaken-Oberhasli VTIO,46.7126089,7.9021293
Zuständig für diese Gemeinde:<br />Vermittlung Tagesfamilien Interlaken-Oberhasli VTIO,46.7185473,8.1911357
Zuständig für diese Gemeinde:<br />Vermittlung Tagesfamilien Interlaken-Oberhasli VTIO,46.6852116,7.8481574
Zuständig für diese Gemeinde:<br />Vermittlung Tagesfamilien Interlaken-Oberhasli VTIO,46.6652174,7.8689183
Tageseltern Gemeinde Worb,46.927053,7.5711565
Zuständig für diese Gemeinde:<br />Kita Mythenand und Tagesplatz Mythenand,47.0207138,8.6529884
Zuständig für diese Gemeinde:<br />Kita Mythenand und Tagesplatz Mythenand,46.995556,8.604722
Zuständig für diese Gemeinde:<br />Kita Mythenand und Tagesplatz Mythenand,47.0522846,8.5544714
Zuständig für diese Gemeinde:<br />Kita Mythenand und Tagesplatz Mythenand,47.048056,8.549722
Zuständig für diese Gemeinde:<br />Kita Mythenand und Tagesplatz Mythenand,47.0831444,8.6371165
Zuständig für diese Gemeinde:<br />Kita Mythenand und Tagesplatz Mythenand,47.1029154,8.6749618
Zuständig für diese Gemeinde:<br />Kita Mythenand und Tagesplatz Mythenand,47.0554331,8.5865747
Zuständig für diese Gemeinde:<br />Kita Mythenand und Tagesplatz Mythenand,46.9740171,8.7622473
Pflegekinder St.Gallen, Fachstelle Kinderbetreuung,47.4167796,9.3581921
Tagesfamilien Region Lenzburg,47.4154367,8.1439304
Accueil familial de jour de Versoix,46.2867144,6.1608321
Tagesfamilien Mittel- und Oberthurgau,47.5504639,9.2188089
Tagesfamilien Bottmingen-Binningen,47.5228023,7.5708663
Tagesfamilien Zürcher Oberland,47.2592548,8.8438311
Zuständig für diese Gemeinde:<br />Tagesfamilien Zürcher Oberland,47.2853581,8.8322634
Zuständig für diese Gemeinde:<br />Tagesfamilien Zürcher Oberland,47.4272742,8.6903376
Zuständig für diese Gemeinde:<br />Tagesfamilien Zürcher Oberland,47.4427924,8.6763383
Zuständig für diese Gemeinde:<br />Tagesfamilien Zürcher Oberland,47.3835654,9.2935775
Zuständig für diese Gemeinde:<br />Tagesfamilien Zürcher Oberland,47.3825634,8.6577504
Zuständig für diese Gemeinde:<br />Tagesfamilien Zürcher Oberland,47.3665785,8.6794982
Zuständig für diese Gemeinde:<br />Tagesfamilien Zürcher Oberland,47.2729371,8.7205118
Zuständig für diese Gemeinde:<br />Tagesfamilien Zürcher Oberland,47.3706194,8.6388249
Tagesfamilien Kriens,47.0344186,8.2882809
Tagesfamilien Magden, Maisprach, Olsberg,47.5221495,7.8165348
Tagesfamilien unteres Fricktal,47.5452433,7.9219609
Zuständig für diese Gemeinde:<br />Tagesfamilien unteres Fricktal,47.5331075,7.9871358
Zuständig für diese Gemeinde:<br />Tagesfamilien unteres Fricktal,47.5099292,7.9241818
Zuständig für diese Gemeinde:<br />Tagesfamilien unteres Fricktal,47.5591304,7.8442531
Zuständig für diese Gemeinde:<br />Tagesfamilien unteres Fricktal,47.5461315,7.9196279
Zuständig für diese Gemeinde:<br />Tagesfamilien unteres Fricktal,47.5299957,7.9363006
Zuständig für diese Gemeinde:<br />Tagesfamilien unteres Fricktal,47.55219,7.7922914
Zuständig für diese Gemeinde:<br />Tagesfamilien Appenzell Ausserrhoden,47.544055,7.9551774
Zuständig für diese Gemeinde:<br />Tagesfamilien unteres Fricktal,47.5134984,7.9653934
Zuständig für diese Gemeinde:<br />Tagesfamilien unteres Fricktal,47.5591058,7.9042193
Zuständig für diese Gemeinde:<br />Tagesfamilien unteres Fricktal,47.5000892,7.9339832
Zuständig für diese Gemeinde:<br />Tagesfamilien unteres Fricktal,47.5432658,7.8721205
Zuständig für diese Gemeinde:<br />Tagesfamilien unteres Fricktal,47.5259235,7.9003293
Tagesfamilien Linthgebiet,47.2156403,9.0282367
Tagesfamilien Bezirk Affoltern,47.2797159,8.4589436
Tagesfamilien Aadorf,47.4960946,8.8970928
Tageseltern Hinterthurgau,47.5052578,9.0724722
Tageseltern Aesch,47.4659701,7.5986728
Zuständig für diese Gemeinde:<br />Tageseltern Aesch,47.4527468,7.6050304
TEV Seestern,47.1121686,7.2328256
Zuständig für diese Gemeinde:<br />TEV Seestern,47.1143109,7.232491
Zuständig für diese Gemeinde:<br />TEV Seestern,47.1088182,7.2463631
Zuständig für diese Gemeinde:<br />TEV Seestern,47.0813816,7.2439053
Zuständig für diese Gemeinde:<br />TEV Seestern,47.0854744,7.2122756
Zuständig für diese Gemeinde:<br />TEV Seestern,47.0935327,7.2328515
Zuständig für diese Gemeinde:<br />TEV Seestern,47.1165264,7.2551381
Zuständig für diese Gemeinde:<br />TEV Seestern,47.0757153,7.198015
Tagesfamilien Birsfelden,47.5516505,7.6272499
Tagesfamilien-Vermittlung Rothenburg,47.0963261,8.2738402
Tagesfamilien Glarnerland,47.0362266,9.0757024
TEV Bolligen,46.9781587,7.5027686
Tageseltern Vermittlung Meggen,47.0502862,8.3675336
Zweidihei,47.6973836,8.6352524
Tagesfamilienbetreuung Mutschellen,47.3618435,8.3568982
Zuständig für diese Gemeinde:<br />Tagesfamilienbetreuung Mutschellen,47.352,8.37021
Zuständig für diese Gemeinde:<br />Tagesfamilienbetreuung Mutschellen,47.3680474,8.3630648
Zuständig für diese Gemeinde:<br />Tagesfamilienbetreuung Mutschellen,47.3690407,8.3807877
Zuständig für diese Gemeinde:<br />Tagesfamilienbetreuung Mutschellen,47.3360982,8.3868979
Tagesfamilien Wil und Umgebung,47.4669522,9.0603823
Zuständig für diese Gemeinde:<br />Tagesfamilien Wil und Umgebung,47.4635617,9.0479097
Zuständig für diese Gemeinde:<br />Tagesfamilien Wil und Umgebung,47.4782696,9.0352242
Zuständig für diese Gemeinde:<br />Tagesfamilien Wil und Umgebung,47.4752813,9.0606881
Zuständig für diese Gemeinde:<br />Tagesfamilien Wil und Umgebung,47.2191,8.15361
Zuständig für diese Gemeinde:<br />Tagesfamilien Wil und Umgebung,47.4515396,9.0343854
Frauenzentrale Luzern,47.0550357,8.3103284
Zuständig für diese Gemeinde:<br />Frauenzentrale Luzern,47.0501682,8.3093072
Zuständig für diese Gemeinde:<br />Frauenzentrale Luzern,47.0507712,8.2648094
Zuständig für diese Gemeinde:<br />Frauenzentrale Luzern,47.063367,8.2797341
Accueil familial de jour Rhône-Sud,46.1905246,6.1006593
kibe plus,46.9288892,7.4157854
Zuständig für diese Gemeinde:<br />kibe plus,46.9307536,7.4168578
Zuständig für diese Gemeinde:<br />kibe plus,46.9577083,7.4873069
Tagesfamilien Pratteln/Augst,47.5211403,7.6916711
Zuständig für diese Gemeinde:<br />Tagesfamilien Pratteln/Augst,47.5183198,7.6919889
Zuständig für diese Gemeinde:<br />Tagesfamilien Pratteln/Augst,47.53389,7.72135
TEV Adliswil,47.3136832,8.5276838
Tageseltern Dübendorf,47.3980361,8.6187643
Tagesfamilien Glattfelden,47.5558913,8.5023683
Tagesfamilien Opfikon-Glattbrugg,47.424811,8.5824439
Tagesfamilien Richterswil-Samstagern,47.2072745,8.7071171
Tagesfamilien Stäfa/Uerikon,47.238496,8.7404439
Tagesfamilien Volketswil,47.3893727,8.6798078
Tagesfamilien Winterthur Weinland,47.5007376,8.7222818
Tagesfamilien Zollikon-Küsnacht,47.3428585,8.5966201
Tagesfamilien Zürcher Unterland,47.4221907,8.5989682
Tagesfamilien Appenzell Innerrhoden,47.3281167,9.4266047
Tagesfamilien Appenzell Ausserrhoden,47.3870066,9.2824809
Zuständig für diese Gemeinde:<br />Tagesfamilien Appenzell Ausserrhoden,47.3170588,9.2826442
Zuständig für diese Gemeinde:<br />Tagesfamilien Appenzell Ausserrhoden,47.3857009,9.2798472
Zuständig für diese Gemeinde:<br />Tagesfamilien Appenzell Ausserrhoden,47.3542872,9.2489271
Zuständig für diese Gemeinde:<br />Tagesfamilien Appenzell Ausserrhoden,47.3658642,9.3207148
Zuständig für diese Gemeinde:<br />Tagesfamilien Appenzell Ausserrhoden,47.3260986,9.226432
Zuständig für diese Gemeinde:<br />Tagesfamilien Appenzell Ausserrhoden,47.357042,9.2852256
Zuständig für diese Gemeinde:<br />Tagesfamilien Appenzell Ausserrhoden,47.390742,9.3892463
Zuständig für diese Gemeinde:<br />Tagesfamilien Appenzell Ausserrhoden,47.3730767,9.4245108
Zuständig für diese Gemeinde:<br />Tagesfamilien Appenzell Ausserrhoden,47.3621531,9.4524457
Zuständig für diese Gemeinde:<br />Tagesfamilien Appenzell Ausserrhoden,47.4117837,9.4416911
Zuständig für diese Gemeinde:<br />Tagesfamilien Appenzell Ausserrhoden,47.4078753,9.4647144
Zuständig für diese Gemeinde:<br />Tagesfamilien Appenzell Ausserrhoden,47.4260992,9.4829689
Zuständig für diese Gemeinde:<br />Tagesfamilien Appenzell Ausserrhoden,47.2771375,8.9155608
Zuständig für diese Gemeinde:<br />Tagesfamilien Appenzell Ausserrhoden,47.447864,9.509459
Zuständig für diese Gemeinde:<br />Tagesfamilien Appenzell Ausserrhoden,47.4440576,9.5319772
Zuständig für diese Gemeinde:<br />Tagesfamilien Appenzell Ausserrhoden,47.45371,9.55054
Zuständig für diese Gemeinde:<br />Tagesfamilien Appenzell Ausserrhoden,47.4591355,9.5798361
Zuständig für diese Gemeinde:<br />Tagesfamilien Appenzell Ausserrhoden,47.4513643,9.6023288
Zuständig für diese Gemeinde:<br />Tagesfamilien Appenzell Ausserrhoden,47.419751,9.5760652
Tagesfamilien Frauenfeld,47.5560239,8.894048
Regionale Vermittlungsstelle für Tagesfamilien,47.4844861,9.4530768
Tagesfamilien Oberes Rheintal,47.3354416,9.5866559
Zuständig für diese Gemeinde:<br />Tagesfamilien Oberes Rheintal,47.3774633,9.5469133
Zuständig für diese Gemeinde:<br />Tagesfamilien Oberes Rheintal,47.3428013,9.5319606
Zuständig für diese Gemeinde:<br />Tagesfamilien Oberes Rheintal,46.854006,7.8999603
Zuständig für diese Gemeinde:<br />Tagesfamilien Oberes Rheintal,47.3199075,9.5644269
Zuständig für diese Gemeinde:<br />Tagesfamilien Oberes Rheintal,47.3977266,9.58271
Zuständig für diese Gemeinde:<br />Tagesfamilien Oberes Rheintal,47.2936044,9.5376332
Tagesfamilien Rapperswil-Jona,47.2336056,8.821956
Tagesfamilien Kreuzlingen,47.6505801,9.1741788
Tagesfamilien Gossau und Umgebung,47.4209543,9.2586454
Tagesfamilien Sarganserland,47.0427728,9.4189765
Tagesfamilien Toggenburg,47.2860468,9.0971677
Tagesfamilien Region Uzwil,47.4456133,9.1393125
Zuständig für diese Gemeinde:<br />Tagesfamilien Region Uzwil,47.3738511,9.2003081
Zuständig für diese Gemeinde:<br />Tagesfamilien Region Uzwil,47.4245451,9.08619
Zuständig für diese Gemeinde:<br />Tagesfamilien Region Uzwil,47.4659823,9.2032496
Zuständig für diese Gemeinde:<br />Tagesfamilien Region Uzwil,47.4759334,9.1867441
Zuständig für diese Gemeinde:<br />Tagesfamilien Region Uzwil,47.4515981,9.1606905
Zuständig für diese Gemeinde:<br />Tagesfamilien Region Uzwil,47.4298412,9.1232808
Zuständig für diese Gemeinde:<br />Tagesfamilien Region Uzwil,47.4453738,9.142239
Tagesfamilien Kanton Solothurn,47.2147317,7.520632
Zuständig für diese Gemeinde:<br />Tagesfamilien Kanton Solothurn,47.2088348,7.532291
Zuständig für diese Gemeinde:<br />Tagesfamilien Kanton Solothurn,47.137915,7.4565428
Zuständig für diese Gemeinde:<br />Tagesfamilien Kanton Solothurn,47.2026836,7.4241066
Zuständig für diese Gemeinde:<br />Tagesfamilien Kanton Solothurn,47.1922876,7.3958907
Zuständig für diese Gemeinde:<br />Tagesfamilien Kanton Solothurn,47.2048271,7.4542951
Zuständig für diese Gemeinde:<br />Tagesfamilien Kanton Solothurn,47.1880683,7.5883152
Zuständig für diese Gemeinde:<br />Tagesfamilien Kanton Solothurn,47.3499624,7.9037033
Zuständig für diese Gemeinde:<br />Tagesfamilien Kanton Solothurn,47.3729363,7.9922617
Zuständig für diese Gemeinde:<br />Tagesfamilien Kanton Solothurn,47.3098669,7.6030539
Zuständig für diese Gemeinde:<br />Tagesfamilien Kanton Solothurn,47.2943991,7.7600134
Tagesfamilien Kirchlindach Bremgarten Meikirch Wohlen,46.9747577,7.4316274
Zofingenregio Tagesfamilien,47.2888026,7.946779
Zuständig für diese Gemeinde:<br />Zofingenregio Tagesfamilien,47.2597136,7.9469694
Zuständig für diese Gemeinde:<br />Zofingenregio Tagesfamilien,47.2765988,7.8451321
Zuständig für diese Gemeinde:<br />Zofingenregio Tagesfamilien,47.3129528,7.9198655
Zuständig für diese Gemeinde:<br />Zofingenregio Tagesfamilien,47.2504784,8.0452323
Zuständig für diese Gemeinde:<br />Zofingenregio Tagesfamilien,47.302214,7.8774496
Zuständig für diese Gemeinde:<br />Zofingenregio Tagesfamilien,47.3212415,7.9870207
Zuständig für diese Gemeinde:<br />Zofingenregio Tagesfamilien,47.30471,8.05136
Zuständig für diese Gemeinde:<br />Zofingenregio Tagesfamilien,47.2837189,8.0423865
Zuständig für diese Gemeinde:<br />Zofingenregio Tagesfamilien,47.2790777,7.9290323
Zuständig für diese Gemeinde:<br />Zofingenregio Tagesfamilien,47.3050217,8.0249072
Zuständig für diese Gemeinde:<br />Zofingenregio Tagesfamilien,47.2760602,7.9017632
Zuständig für diese Gemeinde:<br />Zofingenregio Tagesfamilien,47.2888449,7.9447619
Tagesfamilien Ettingen,47.4785358,7.5427647
Tagesfamilien Laufental-Thierstein,47.4218042,7.5007376
Zuständig für diese Gemeinde:<br />Tagesfamilien Laufental-Thierstein,47.41885,7.5427693
Zuständig für diese Gemeinde:<br />Tagesfamilien Laufental-Thierstein,47.4408378,7.4975373
Zuständig für diese Gemeinde:<br />Tagesfamilien Laufental-Thierstein,47.4409994,7.5905459
Zuständig für diese Gemeinde:<br />Tagesfamilien Laufental-Thierstein,47.4204213,7.5004874
Zuständig für diese Gemeinde:<br />Tagesfamilien Laufental-Thierstein,47.4037488,7.4290857
Zuständig für diese Gemeinde:<br />Tagesfamilien Laufental-Thierstein,47.4247907,7.4758944
Zuständig für diese Gemeinde:<br />Tagesfamilien Laufental-Thierstein,47.4371566,7.5308866
Tagesfamilien Oberwil/Biel-Benken,47.5141353,7.5576722
Zuständig für diese Gemeinde:<br />Tagesfamilien Oberwil/Biel-Benken,47.5159745,7.5582003
Zuständig für diese Gemeinde:<br />Tagesfamilien Oberwil/Biel-Benken,47.506272,7.5255321
Tagesfamilien Therwil,47.4973509,7.5526618
Tagesfamilien March-Höfe,47.1906753,8.821312
Tagesfamilien Illnau-Effretikon u.U.,47.4036728,8.73263
Association "Le Couffin",46.1675575,6.0035265
Tageseltern-Vermittlungsstelle Adligenswil/Udligenswil,47.0714785,8.3633802
Tagesfamilien Region Langenthal (TRL),47.2952463,8.0831961
TEV Koppigen und Umgebung,47.1298937,7.6163092
Tageselternvermittlung Buchrain Root Dierikon Ebikon,47.0946405,8.346656
Tageseltern-Vermittlung Emmen,47.0708722,8.2832395
Tageselternvermittlung Rundum,47.1199057,8.0832828
Zuständig für diese Gemeinde:<br />Tageselternvermittlung Rundum,47.0840593,8.1262881
Zuständig für diese Gemeinde:<br />Tageselternvermittlung Rundum,47.0831969,8.0388779
Zuständig für diese Gemeinde:<br />Tageselternvermittlung Rundum,47.0586361,8.0731633
Zuständig für diese Gemeinde:<br />Tageselternvermittlung Rundum,47.0483679,8.1000315
Zuständig für diese Gemeinde:<br />Tageselternvermittlung Rundum,47.1144651,8.0943572
Tagesfamilien Wiggertal,47.2833694,7.9468728
Zuständig für diese Gemeinde:<br />Tagesfamilien Wiggertal,47.2022847,7.9669609
Zuständig für diese Gemeinde:<br />Tagesfamilien Wiggertal,47.2128386,7.9893353
Zuständig für diese Gemeinde:<br />Tagesfamilien Wiggertal,47.1831943,7.9314653
Zuständig für diese Gemeinde:<br />Tagesfamilien Wiggertal,47.1933568,7.9753668
Zuständig für diese Gemeinde:<br />Tagesfamilien Wiggertal,47.2472798,7.9713408
Zuständig für diese Gemeinde:<br />Tagesfamilien Wiggertal,47.2354436,8.0761619
Zuständig für diese Gemeinde:<br />Tagesfamilien Wiggertal,47.2668051,7.9632813
Zuständig für diese Gemeinde:<br />Tagesfamilien Wiggertal,47.2268257,7.8961115
Tagesplatzvermittlung Region Entlebuch,46.9454823,8.0111289
Tageseltern Region Erlach,47.0096081,7.11004
Zuständig für diese Gemeinde:<br />Tageseltern Region Erlach,47.0218657,7.1478802
Zuständig für diese Gemeinde:<br />Tageseltern Region Erlach,47.0694755,7.2195126
Zuständig für diese Gemeinde:<br />Tageseltern Region Erlach,47.0434885,7.0968065
Zuständig für diese Gemeinde:<br />Tageseltern Region Erlach,47.0263567,7.1785058
Zuständig für diese Gemeinde:<br />Tageseltern Region Erlach,47.0317689,7.0473592
Zuständig für diese Gemeinde:<br />Tageseltern Region Erlach,47.014664,7.0578947
Zuständig für diese Gemeinde:<br />Tageseltern Region Erlach,47.0616527,7.1953958
Zuständig für diese Gemeinde:<br />Tageseltern Region Erlach,46.9986247,7.1092545
Zuständig für diese Gemeinde:<br />Tageseltern Region Erlach,47.0419877,7.1581803
Zuständig für diese Gemeinde:<br />Tageseltern Region Erlach,46.9954572,7.146079
Zuständig für diese Gemeinde:<br />Tageseltern Region Erlach,47.03219,7.18979
Zuständig für diese Gemeinde:<br />Tageseltern Region Erlach,47.0100997,7.1594435
Zuständig für diese Gemeinde:<br />Tageseltern Region Erlach,47.0259262,7.0782281
Zuständig für diese Gemeinde:<br />Tageseltern Region Erlach,47.0345246,7.1211643
TEV Mitenand Grossaffoltern,47.0367101,7.3808844
Tageseltern TaMü Münchenbuchsee,47.0097563,7.4594223
Zuständig für diese Gemeinde:<br />Tageseltern TaMü Münchenbuchsee,47.021621,7.450367
Zuständig für diese Gemeinde:<br />Tageseltern TaMü Münchenbuchsee,47.0145991,7.4845784
Zuständig für diese Gemeinde:<br />Tageseltern TaMü Münchenbuchsee,47.01946,7.4280154
TEV Sense,46.8130003,7.2149238
Zuständig für diese Gemeinde:<br />TEV Sense,46.7948597,7.2603813
Zuständig für diese Gemeinde:<br />TEV Sense,46.8929791,7.2283389
Zuständig für diese Gemeinde:<br />TEV Sense,46.759019,7.278788
Zuständig für diese Gemeinde:<br />TEV Sense,46.7615548,7.2100289
Zuständig für diese Gemeinde:<br />TEV Sense,46.8262854,7.3006121
Zuständig für diese Gemeinde:<br />TEV Sense,46.7381514,7.2663873
Zuständig für diese Gemeinde:<br />TEV Sense,46.7365103,7.2923293
Zuständig für diese Gemeinde:<br />TEV Sense,46.7353048,7.2504665
Zuständig für diese Gemeinde:<br />TEV Sense,46.7678316,7.2406632
Zuständig für diese Gemeinde:<br />TEV Sense,46.85552,7.24859
Zuständig für diese Gemeinde:<br />TEV Sense,46.8220782,7.2612084
Zuständig für diese Gemeinde:<br />TEV Sense,46.7404313,7.220526
Zuständig für diese Gemeinde:<br />TEV Sense,46.7900124,7.2181088
Zuständig für diese Gemeinde:<br />TEV Sense,46.815327,7.21575
Zuständig für diese Gemeinde:<br />TEV Sense,46.7688786,7.1987844
Zuständig für diese Gemeinde:<br />TEV Sense,46.8647695,7.3117323
Zuständig für diese Gemeinde:<br />TEV Sense,46.7539659,7.292338
Zuständig für diese Gemeinde:<br />TEV Sense,46.8746919,7.2757147
Tageselternvermittlung Beromünster,47.1813854,8.2094514
Tagesfamilien Oberes Baselbiet VTOB,47.4838339,7.7353311
Zuständig für diese Gemeinde:<br />Tagesfamilien Oberes Baselbiet VTOB,,
Zuständig für diese Gemeinde:<br />Tagesfamilien Oberes Baselbiet VTOB,47.41588,7.71721
Zuständig für diese Gemeinde:<br />Tagesfamilien Oberes Baselbiet VTOB,47.5129592,7.7652075
Zuständig für diese Gemeinde:<br />Tagesfamilien Oberes Baselbiet VTOB,47.4037697,7.7804805
Zuständig für diese Gemeinde:<br />Tagesfamilien Oberes Baselbiet VTOB,47.4626895,7.8361995
Zuständig für diese Gemeinde:<br />Tagesfamilien Oberes Baselbiet VTOB,47.4489146,7.7360721
Zuständig für diese Gemeinde:<br />Tagesfamilien Oberes Baselbiet VTOB,47.4101428,7.8446974
Zuständig für diese Gemeinde:<br />Tagesfamilien Oberes Baselbiet VTOB,47.1395743,7.3747968
Zuständig für diese Gemeinde:<br />Tagesfamilien Oberes Baselbiet VTOB,47.5054627,7.8645192
Zuständig für diese Gemeinde:<br />Tagesfamilien Oberes Baselbiet VTOB,47.3978882,7.652801
Zuständig für diese Gemeinde:<br />Tagesfamilien Oberes Baselbiet VTOB,47.413336,7.8112119
Zuständig für diese Gemeinde:<br />Tagesfamilien Oberes Baselbiet VTOB,47.446398,7.8373698
Zuständig für diese Gemeinde:<br />Tagesfamilien Oberes Baselbiet VTOB,47.3854855,7.8203957
Zuständig für diese Gemeinde:<br />Tagesfamilien Oberes Baselbiet VTOB,47.5035123,7.7131296
Zuständig für diese Gemeinde:<br />Tagesfamilien Oberes Baselbiet VTOB,47.5055922,7.7298829
Zuständig für diese Gemeinde:<br />Tagesfamilien Oberes Baselbiet VTOB,47.4656125,7.8560314
Zuständig für diese Gemeinde:<br />Tagesfamilien Oberes Baselbiet VTOB,47.5231661,7.7449933
Zuständig für diese Gemeinde:<br />Tagesfamilien Oberes Baselbiet VTOB,47.4150792,7.8659947
Zuständig für diese Gemeinde:<br />Tagesfamilien Oberes Baselbiet VTOB,47.3936614,7.7492826
Tageselternverein Thun und U.,46.7601426,7.6244424
Zuständig für diese Gemeinde:<br />Tageselternverein Thun und U.,46.7579868,7.6279881
Zuständig für diese Gemeinde:<br />Tageselternverein Thun und U.,46.7788438,7.6347832
Zuständig für diese Gemeinde:<br />Tageselternverein Thun und U.,46.7842257,7.6054974
Zuständig für diese Gemeinde:<br />Tageselternverein Thun und U.,46.7355658,7.6583722
Tagesfamilien Allschwil,47.5526779,7.5463098
Tagesfamilien-Vermittlung Burgdorf/Oberburg,47.059523,7.6184332
Zuständig für diese Gemeinde:<br />Tagesfamilien-Vermittlung Burgdorf/Oberburg,47.0559357,7.6272243
Zuständig für diese Gemeinde:<br />Tagesfamilien-Vermittlung Burgdorf/Oberburg,47.0392994,7.625715
Tagesfamilien Vechigen und Umgebung,47.040099,7.5402628
Zuständig für diese Gemeinde:<br />Tagesfamilien Vechigen und Umgebung,46.951277,7.5429887
Zuständig für diese Gemeinde:<br />Tagesfamilien Vechigen und Umgebung,46.9583702,7.5251633
Zuständig für diese Gemeinde:<br />Tagesfamilien Vechigen und Umgebung,47.0178152,7.5341173
Zuständig für diese Gemeinde:<br />Tagesfamilien Vechigen und Umgebung,47.0454556,7.5401137
Zuständig für diese Gemeinde:<br />Tagesfamilien Vechigen und Umgebung,47.008117,7.5698963
Zuständig für diese Gemeinde:<br />Tagesfamilien Vechigen und Umgebung,47.0498033,7.5686435
TEV Region Fraubrunnen,47.046544,7.5234307
Tagesfamilien Region Langnau,46.940623,7.7846637
Kinderbetreuung Mittleres Emmental,46.9975347,7.7077745
